id, timestamp, demand
1177782, 2022-08-15 00:00:42, 23190
1177783, 2022-08-15 00:05:38, 23068
1177784, 2022-08-15 00:10:42, 23075
1177785, 2022-08-15 00:15:43, 23045
1177786, 2022-08-15 00:20:40, 23068
1177787, 2022-08-15 00:25:47, 23043
1177788, 2022-08-15 00:30:39, 22988
1177789, 2022-08-15 00:35:42, 22925
1177790, 2022-08-15 00:40:42, 22897
1177791, 2022-08-15 00:45:41, 22988
1177792, 2022-08-15 00:50:39, 22988
1177793, 2022-08-15 00:55:43, 22912
1177794, 2022-08-15 01:00:49, 22868
1177795, 2022-08-15 01:05:39, 22939
1177796, 2022-08-15 01:10:39, 22912
1177797, 2022-08-15 01:15:47, 22902
1177798, 2022-08-15 01:20:41, 22902
1177799, 2022-08-15 01:25:45, 23037
1177800, 2022-08-15 01:30:39, 22993
1177801, 2022-08-15 01:35:39, 22952
1177802, 2022-08-15 01:40:45, 23000
1177803, 2022-08-15 01:45:40, 23037
1177804, 2022-08-15 01:50:40, 22952
1177805, 2022-08-15 01:55:45, 22952
1177806, 2022-08-15 02:00:39, 22665
1177807, 2022-08-15 02:05:40, 22636
1177808, 2022-08-15 02:10:39, 22664
1177809, 2022-08-15 02:15:40, 22653
1177810, 2022-08-15 02:20:38, 22689
1177811, 2022-08-15 02:25:45, 22677
1177812, 2022-08-15 02:30:39, 22636
1177813, 2022-08-15 02:35:39, 22636
1177814, 2022-08-15 02:40:39, 22808
1177815, 2022-08-15 02:45:39, 22831
1177816, 2022-08-15 02:50:38, 22677
1177817, 2022-08-15 02:55:44, 22767
1177818, 2022-08-15 03:00:40, 22767
1177819, 2022-08-15 03:05:39, 22808
1177820, 2022-08-15 03:10:41, 22915
1177821, 2022-08-15 03:15:45, 22884
1177822, 2022-08-15 03:20:40, 22810
1177823, 2022-08-15 03:25:50, 22992
1177824, 2022-08-15 03:30:39, 23018
1177825, 2022-08-15 03:35:40, 23017
1177826, 2022-08-15 03:40:40, 23097
1177827, 2022-08-15 03:45:42, 23174
1177828, 2022-08-15 03:50:40, 23169
1177829, 2022-08-15 03:55:45, 23163
1177830, 2022-08-15 04:00:39, 23208
1177831, 2022-08-15 04:05:39, 23267
1177832, 2022-08-15 04:10:40, 23409
1177833, 2022-08-15 04:15:44, 23477
1177834, 2022-08-15 04:20:40, 23620
1177835, 2022-08-15 04:25:45, 23674
1177836, 2022-08-15 04:30:41, 23636
1177837, 2022-08-15 04:35:40, 23621
1177838, 2022-08-15 04:40:39, 23717
1177839, 2022-08-15 04:45:41, 23739
1177840, 2022-08-15 04:50:38, 23748
1177841, 2022-08-15 04:55:52, 23705
1177842, 2022-08-15 05:00:42, 23736
1177843, 2022-08-15 05:05:39, 23465
1177844, 2022-08-15 05:10:39, 23679
1177845, 2022-08-15 05:15:46, 24161
1177846, 2022-08-15 05:20:41, 24365
1177847, 2022-08-15 05:25:45, 24465
1177848, 2022-08-15 05:30:43, 24646
1177849, 2022-08-15 05:35:39, 24836
1177850, 2022-08-15 05:40:43, 25068
1177851, 2022-08-15 05:45:39, 25248
1177852, 2022-08-15 05:50:40, 25396
1177853, 2022-08-15 05:55:47, 25645
1177854, 2022-08-15 06:00:43, 25828
1177855, 2022-08-15 06:05:46, 25864
1177856, 2022-08-15 06:10:46, 26122
1177857, 2022-08-15 06:15:41, 26439
1177858, 2022-08-15 06:20:41, 26499
1177859, 2022-08-15 06:25:52, 26436
1177860, 2022-08-15 06:30:41, 26641
1177861, 2022-08-15 06:35:41, 26809
1177862, 2022-08-15 06:40:41, 26984
1177863, 2022-08-15 06:45:41, 27190
1177864, 2022-08-15 06:50:39, 27304
1177865, 2022-08-15 06:55:46, 27385
1177866, 2022-08-15 07:00:41, 27675
1177867, 2022-08-15 07:05:43, 27819
1177868, 2022-08-15 07:10:46, 28024
1177869, 2022-08-15 07:15:39, 28414
1177870, 2022-08-15 07:20:46, 28557
1177871, 2022-08-15 07:25:46, 28519
1177872, 2022-08-15 07:30:44, 28525
1177873, 2022-08-15 07:35:44, 28461
1177874, 2022-08-15 07:40:40, 28593
1177875, 2022-08-15 07:45:40, 28628
1177876, 2022-08-15 07:50:41, 28600
1177877, 2022-08-15 07:55:50, 28639
1177878, 2022-08-15 08:00:49, 28713
1177879, 2022-08-15 08:05:42, 28995
1177880, 2022-08-15 08:10:40, 29345
1177881, 2022-08-15 08:15:44, 29266
1177882, 2022-08-15 08:20:41, 29177
1177883, 2022-08-15 08:25:44, 29166
1177884, 2022-08-15 08:30:41, 29174
1177885, 2022-08-15 08:35:41, 29161
1177886, 2022-08-15 08:40:49, 29160
1177887, 2022-08-15 08:45:40, 29269
1177888, 2022-08-15 08:50:40, 29271
1177889, 2022-08-15 08:55:47, 29289
1177890, 2022-08-15 09:00:43, 29274
1177891, 2022-08-15 09:05:40, 29273
1177892, 2022-08-15 09:10:45, 29196
1177893, 2022-08-15 09:15:46, 29181
1177894, 2022-08-15 09:20:40, 29208
1177895, 2022-08-15 09:25:52, 29214
1177896, 2022-08-15 09:30:42, 29262
1177897, 2022-08-15 09:35:40, 29312
1177898, 2022-08-15 09:40:42, 29412
1177899, 2022-08-15 09:45:41, 29466
1177900, 2022-08-15 09:50:39, 29505
1177901, 2022-08-15 09:55:49, 29643
1177902, 2022-08-15 10:00:40, 29682
1177903, 2022-08-15 10:05:40, 29706
1177904, 2022-08-15 10:10:47, 29769
1177905, 2022-08-15 10:15:42, 29724
1177906, 2022-08-15 10:20:41, 29770
1177907, 2022-08-15 10:25:52, 29859
1177908, 2022-08-15 10:30:47, 29888
1177909, 2022-08-15 10:35:50, 29935
1177910, 2022-08-15 10:40:42, 30001
1177911, 2022-08-15 10:45:39, 30042
1177912, 2022-08-15 10:50:44, 29989
1177913, 2022-08-15 10:55:52, 29924
1177914, 2022-08-15 11:00:49, 29960
1177915, 2022-08-15 11:05:45, 30025
1177916, 2022-08-15 11:10:41, 30025
1177917, 2022-08-15 11:15:40, 29975
1177918, 2022-08-15 11:20:42, 29980
1177919, 2022-08-15 11:25:47, 29995
1177920, 2022-08-15 11:30:45, 30010
1177921, 2022-08-15 11:35:45, 30069
1177922, 2022-08-15 11:40:41, 30113
1177923, 2022-08-15 11:45:40, 30155
1177924, 2022-08-15 11:50:45, 30168
1177925, 2022-08-15 11:55:52, 30197
1177926, 2022-08-15 12:00:39, 30130
1177927, 2022-08-15 12:05:48, 30009
1177928, 2022-08-15 12:10:41, 29830
1177929, 2022-08-15 12:15:41, 29899
1177930, 2022-08-15 12:20:40, 29759
1177931, 2022-08-15 12:25:49, 29749
1177932, 2022-08-15 12:30:41, 29768
1177933, 2022-08-15 12:35:41, 29763
1177934, 2022-08-15 12:40:43, 29801
1177935, 2022-08-15 12:45:43, 29885
1177936, 2022-08-15 12:50:46, 29880
1177937, 2022-08-15 12:55:46, 29855
1177938, 2022-08-15 13:00:40, 29819
1177939, 2022-08-15 13:05:44, 29782
1177940, 2022-08-15 13:10:41, 29647
1177941, 2022-08-15 13:15:47, 29573
1177942, 2022-08-15 13:20:39, 29674
1177943, 2022-08-15 13:25:47, 29573
1177944, 2022-08-15 13:30:41, 29290
1177945, 2022-08-15 13:35:42, 29142
1177946, 2022-08-15 13:40:40, 29233
1177947, 2022-08-15 13:45:44, 29263
1177948, 2022-08-15 13:50:39, 29301
1177949, 2022-08-15 13:55:47, 29301
1177950, 2022-08-15 14:00:43, 29464
1177951, 2022-08-15 14:05:42, 29560
1177952, 2022-08-15 14:10:40, 29489
1177953, 2022-08-15 14:15:40, 29459
1177954, 2022-08-15 14:20:43, 29480
1177955, 2022-08-15 14:25:50, 29502
1177956, 2022-08-15 14:30:45, 29501
1177957, 2022-08-15 14:35:41, 29509
1177958, 2022-08-15 14:40:42, 29497
1177959, 2022-08-15 14:45:41, 29551
1177960, 2022-08-15 14:50:41, 29597
1177961, 2022-08-15 14:55:53, 29612
1177962, 2022-08-15 15:00:41, 29625
1177963, 2022-08-15 15:05:46, 29539
1177964, 2022-08-15 15:10:39, 29539
1177965, 2022-08-15 15:15:41, 29391
1177966, 2022-08-15 15:20:41, 29604
1177967, 2022-08-15 15:25:47, 29642
1177968, 2022-08-15 15:30:43, 29643
1177969, 2022-08-15 15:35:42, 29701
1177970, 2022-08-15 15:40:40, 29685
1177971, 2022-08-15 15:45:40, 29743
1177972, 2022-08-15 15:50:50, 29743
1177973, 2022-08-15 15:55:54, 30118
1177974, 2022-08-15 16:00:47, 29743
1177975, 2022-08-15 16:05:57, 30300
1177976, 2022-08-15 16:10:40, 30553
1177977, 2022-08-15 16:15:41, 30735
1177978, 2022-08-15 16:20:44, 30828
1177979, 2022-08-15 16:25:48, 30877
1177980, 2022-08-15 16:30:50, 30880
1177981, 2022-08-15 16:35:48, 30917
1177982, 2022-08-15 16:40:42, 30978
1177983, 2022-08-15 16:45:39, 30971
1177984, 2022-08-15 16:50:45, 30894
1177985, 2022-08-15 16:55:53, 30968
1177986, 2022-08-15 17:00:40, 30995
1177987, 2022-08-15 17:05:43, 31142
1177988, 2022-08-15 17:10:45, 31108
1177989, 2022-08-15 17:15:40, 31201
1177990, 2022-08-15 17:20:41, 31088
1177991, 2022-08-15 17:25:57, 30874
1177992, 2022-08-15 17:30:45, 30797
1177993, 2022-08-15 17:35:42, 30725
1177994, 2022-08-15 17:40:45, 30660
1177995, 2022-08-15 17:45:40, 30615
1177996, 2022-08-15 17:50:39, 30576
1177997, 2022-08-15 17:55:48, 30582
1177998, 2022-08-15 18:00:40, 30558
1177999, 2022-08-15 18:05:42, 30413
1178000, 2022-08-15 18:10:42, 30317
1178001, 2022-08-15 18:15:40, 30274
1178002, 2022-08-15 18:20:40, 30120
1178003, 2022-08-15 18:25:47, 30008
1178004, 2022-08-15 18:30:41, 29980
1178005, 2022-08-15 18:35:53, 30040
1178006, 2022-08-15 18:40:46, 30073
1178007, 2022-08-15 18:45:39, 30019
1178008, 2022-08-15 18:50:42, 30035
1178009, 2022-08-15 18:55:48, 29884
1178010, 2022-08-15 19:00:45, 29900
1178011, 2022-08-15 19:05:40, 29791
1178012, 2022-08-15 19:10:43, 29976
1178013, 2022-08-15 19:15:43, 30127
1178014, 2022-08-15 19:20:39, 30032
1178015, 2022-08-15 19:25:48, 29900
1178016, 2022-08-15 19:30:40, 29911
1178017, 2022-08-15 19:35:44, 30115
1178018, 2022-08-15 19:40:39, 30498
1178019, 2022-08-15 19:45:40, 30575
1178020, 2022-08-15 19:50:45, 30579
1178021, 2022-08-15 19:55:49, 30525
1178022, 2022-08-15 20:00:41, 30417
1178023, 2022-08-15 20:05:47, 30345
1178024, 2022-08-15 20:10:43, 30555
1178025, 2022-08-15 20:15:43, 30541
1178026, 2022-08-15 20:20:39, 30351
1178027, 2022-08-15 20:25:47, 30078
1178028, 2022-08-15 20:30:44, 30025
1178029, 2022-08-15 20:35:46, 29897
1178030, 2022-08-15 20:40:44, 29723
1178031, 2022-08-15 20:45:39, 29612
1178032, 2022-08-15 20:50:40, 29556
1178033, 2022-08-15 20:55:53, 29556
1178034, 2022-08-15 21:00:48, 29297
1178035, 2022-08-15 21:05:49, 28777
1178036, 2022-08-15 21:10:41, 28777
1178037, 2022-08-15 21:15:41, 28604
1178038, 2022-08-15 21:20:39, 28655
1178039, 2022-08-15 21:25:47, 28449
1178040, 2022-08-15 21:30:40, 28449
1178041, 2022-08-15 21:35:43, 28295
1178042, 2022-08-15 21:40:49, 28048
1178043, 2022-08-15 21:45:38, 27429
1178044, 2022-08-15 21:50:42, 27299
1178045, 2022-08-15 21:55:44, 27299
1178046, 2022-08-15 22:00:42, 27299
1178047, 2022-08-15 22:05:43, 26995
1178048, 2022-08-15 22:10:45, 27311
1178049, 2022-08-15 22:15:42, 26995
1178050, 2022-08-15 22:20:39, 27095
1178051, 2022-08-15 22:25:47, 26970
1178052, 2022-08-15 22:30:44, 26774
1178053, 2022-08-15 22:35:42, 27095
1178054, 2022-08-15 22:40:42, 26605
1178055, 2022-08-15 22:45:38, 26586
1178056, 2022-08-15 22:50:39, 26681
1178057, 2022-08-15 22:55:49, 26605
1178058, 2022-08-15 23:00:41, 26561
1178059, 2022-08-15 23:05:41, 26669
1178060, 2022-08-15 23:10:44, 26418
1178061, 2022-08-15 23:15:47, 26282
1178062, 2022-08-15 23:20:40, 27364
1178063, 2022-08-15 23:25:48, 26669
1178064, 2022-08-15 23:30:45, 27243
1178065, 2022-08-15 23:35:39, 26864
1178066, 2022-08-15 23:40:40, 26832
1178067, 2022-08-15 23:45:40, 27153
1178068, 2022-08-15 23:50:41, 26904
1178069, 2022-08-15 23:55:50, 26864
1178070, 2022-08-16 00:00:42, 26832
1178071, 2022-08-16 00:05:40, 26565
1178072, 2022-08-16 00:10:46, 26502
1178073, 2022-08-16 00:15:39, 26502
1178074, 2022-08-16 00:20:39, 26814
1178075, 2022-08-16 00:25:43, 26574
1178076, 2022-08-16 00:30:38, 26766
1178077, 2022-08-16 00:35:39, 26807
1178078, 2022-08-16 00:40:39, 26743
1178079, 2022-08-16 00:45:41, 26570
1178080, 2022-08-16 00:50:38, 26659
1178081, 2022-08-16 00:55:43, 26909
1178082, 2022-08-16 01:00:56, 26638
1178083, 2022-08-16 01:05:38, 26647
1178084, 2022-08-16 01:10:40, 26659
1178085, 2022-08-16 01:15:51, 26865
1178086, 2022-08-16 01:20:44, 26918
1178087, 2022-08-16 01:25:50, 26638
1178088, 2022-08-16 01:30:42, 26923
1178089, 2022-08-16 01:35:39, 26919
1178090, 2022-08-16 01:40:45, 26658
1178091, 2022-08-16 01:45:39, 26914
1178092, 2022-08-16 01:50:40, 26918
1178093, 2022-08-16 01:55:43, 26954
1178094, 2022-08-16 02:00:40, 26923
1178095, 2022-08-16 02:05:42, 26919
1178096, 2022-08-16 02:10:42, 26871
1178097, 2022-08-16 02:15:39, 26821
1178098, 2022-08-16 02:20:41, 26898
1178099, 2022-08-16 02:25:49, 26744
1178100, 2022-08-16 02:30:39, 26870
1178101, 2022-08-16 02:35:39, 26863
1178102, 2022-08-16 02:40:39, 26863
1178103, 2022-08-16 02:45:39, 26871
1178104, 2022-08-16 02:50:38, 26573
1178105, 2022-08-16 02:55:50, 26676
1178106, 2022-08-16 03:00:41, 26711
1178107, 2022-08-16 03:05:39, 26705
1178108, 2022-08-16 03:10:41, 26705
1178109, 2022-08-16 03:15:40, 26701
1178110, 2022-08-16 03:20:39, 26588
1178111, 2022-08-16 03:25:42, 26516
1178112, 2022-08-16 03:30:41, 26514
1178113, 2022-08-16 03:35:38, 26452
1178114, 2022-08-16 03:40:40, 26421
1178115, 2022-08-16 03:45:43, 26358
1178116, 2022-08-16 03:50:39, 26339
1178117, 2022-08-16 03:55:44, 26289
1178118, 2022-08-16 04:00:42, 26267
1178119, 2022-08-16 04:05:38, 26333
1178120, 2022-08-16 04:10:40, 26555
1178121, 2022-08-16 04:15:40, 26654
1178122, 2022-08-16 04:20:42, 26740
1178123, 2022-08-16 04:25:44, 26764
1178124, 2022-08-16 04:30:39, 26813
1178125, 2022-08-16 04:35:39, 26899
1178126, 2022-08-16 04:40:39, 27007
1178127, 2022-08-16 04:45:38, 27084
1178128, 2022-08-16 04:50:38, 27129
1178129, 2022-08-16 04:55:44, 27148
1178130, 2022-08-16 05:00:44, 27134
1178131, 2022-08-16 05:05:39, 27064
1178132, 2022-08-16 05:10:40, 27100
1178133, 2022-08-16 05:15:47, 26968
1178134, 2022-08-16 05:20:45, 26932
1178135, 2022-08-16 05:25:44, 27026
1178136, 2022-08-16 05:30:40, 27194
1178137, 2022-08-16 05:35:39, 27312
1178138, 2022-08-16 05:40:39, 27455
1178139, 2022-08-16 05:45:40, 27701
1178140, 2022-08-16 05:50:39, 27915
1178141, 2022-08-16 05:55:42, 27981
1178142, 2022-08-16 06:00:42, 28146
1178143, 2022-08-16 06:05:39, 28160
1178144, 2022-08-16 06:10:42, 28110
1178145, 2022-08-16 06:15:39, 28190
1178146, 2022-08-16 06:20:38, 28383
1178147, 2022-08-16 06:25:56, 28628
1178148, 2022-08-16 06:30:40, 28818
1178149, 2022-08-16 06:35:39, 28869
1178150, 2022-08-16 06:40:45, 28849
1178151, 2022-08-16 06:45:41, 28932
1178152, 2022-08-16 06:50:39, 29069
1178153, 2022-08-16 06:55:49, 29131
1178154, 2022-08-16 07:00:41, 29247
1178155, 2022-08-16 07:05:39, 29157
1178156, 2022-08-16 07:10:43, 29001
1178157, 2022-08-16 07:15:39, 29049
1178158, 2022-08-16 07:20:39, 29178
1178159, 2022-08-16 07:25:50, 29296
1178160, 2022-08-16 07:30:45, 29348
1178161, 2022-08-16 07:35:43, 29428
1178162, 2022-08-16 07:40:46, 29466
1178163, 2022-08-16 07:45:39, 29386
1178164, 2022-08-16 07:50:40, 29474
1178165, 2022-08-16 07:55:48, 29627
1178166, 2022-08-16 08:00:42, 29661
1178167, 2022-08-16 08:05:40, 29850
1178168, 2022-08-16 08:10:52, 30167
1178169, 2022-08-16 08:15:43, 30168
1178170, 2022-08-16 08:20:40, 30208
1178171, 2022-08-16 08:25:46, 30274
1178172, 2022-08-16 08:30:48, 30323
1178173, 2022-08-16 08:35:39, 30325
1178174, 2022-08-16 08:41:03, 30137
1178175, 2022-08-16 08:45:40, 30391
1178176, 2022-08-16 08:50:39, 30411
1178177, 2022-08-16 08:55:50, 30492
1178178, 2022-08-16 09:00:41, 30518
1178179, 2022-08-16 09:05:45, 30537
1178180, 2022-08-16 09:10:48, 30606
1178181, 2022-08-16 09:15:42, 30451
1178182, 2022-08-16 09:20:52, 30362
1178183, 2022-08-16 09:25:47, 30310
1178184, 2022-08-16 09:30:41, 30332
1178185, 2022-08-16 09:35:42, 30324
1178186, 2022-08-16 09:40:45, 30322
1178187, 2022-08-16 09:45:39, 30301
1178188, 2022-08-16 09:50:43, 30241
1178189, 2022-08-16 09:55:49, 30247
1178190, 2022-08-16 10:00:40, 30298
1178191, 2022-08-16 10:05:40, 30354
1178192, 2022-08-16 10:11:00, 30409
1178193, 2022-08-16 10:15:39, 30390
1178194, 2022-08-16 10:20:38, 30402
1178195, 2022-08-16 10:25:49, 30350
1178196, 2022-08-16 10:30:43, 30216
1178197, 2022-08-16 10:35:42, 30158
1178198, 2022-08-16 10:41:02, 30190
1178199, 2022-08-16 10:45:40, 30184
1178200, 2022-08-16 10:50:40, 30200
1178201, 2022-08-16 10:55:44, 30228
1178202, 2022-08-16 11:00:42, 30224
1178203, 2022-08-16 11:05:44, 30234
1178204, 2022-08-16 11:10:41, 30320
1178205, 2022-08-16 11:15:42, 30337
1178206, 2022-08-16 11:20:40, 30350
1178207, 2022-08-16 11:25:44, 30342
1178208, 2022-08-16 11:30:44, 30370
1178209, 2022-08-16 11:35:40, 30352
1178210, 2022-08-16 11:40:41, 30305
1178211, 2022-08-16 11:45:40, 30162
1178212, 2022-08-16 11:50:39, 30133
1178213, 2022-08-16 11:55:45, 30093
1178214, 2022-08-16 12:00:41, 29998
1178215, 2022-08-16 12:05:48, 29892
1178216, 2022-08-16 12:11:03, 29780
1178217, 2022-08-16 12:15:42, 29796
1178218, 2022-08-16 12:20:47, 29835
1178219, 2022-08-16 12:25:50, 29885
1178220, 2022-08-16 12:30:42, 29910
1178221, 2022-08-16 12:35:43, 29946
1178222, 2022-08-16 12:40:45, 29990
1178223, 2022-08-16 12:45:39, 30059
1178224, 2022-08-16 12:50:39, 30035
1178225, 2022-08-16 12:55:52, 30058
1178226, 2022-08-16 13:00:52, 30075
1178227, 2022-08-16 13:05:41, 30035
1178228, 2022-08-16 13:10:43, 29866
1178229, 2022-08-16 13:15:43, 29776
1178230, 2022-08-16 13:20:39, 29723
1178231, 2022-08-16 13:25:46, 29611
1178232, 2022-08-16 13:30:39, 29491
1178233, 2022-08-16 13:35:44, 29455
1178234, 2022-08-16 13:41:05, 29483
1178235, 2022-08-16 13:45:39, 29508
1178236, 2022-08-16 13:50:42, 29484
1178237, 2022-08-16 13:55:49, 29421
1178238, 2022-08-16 14:00:41, 29447
1178239, 2022-08-16 14:05:47, 29582
1178240, 2022-08-16 14:10:43, 29505
1178241, 2022-08-16 14:15:43, 29371
1178242, 2022-08-16 14:20:42, 29354
1178243, 2022-08-16 14:25:47, 29338
1178244, 2022-08-16 14:30:43, 29351
1178245, 2022-08-16 14:35:40, 29367
1178246, 2022-08-16 14:41:20, 29390
1178247, 2022-08-16 14:45:40, 29461
1178248, 2022-08-16 14:50:41, 29600
1178249, 2022-08-16 14:55:44, 29693
1178250, 2022-08-16 15:00:39, 29787
1178251, 2022-08-16 15:05:46, 29657
1178252, 2022-08-16 15:10:45, 29482
1178253, 2022-08-16 15:15:41, 29935
1178254, 2022-08-16 15:20:45, 30050
1178255, 2022-08-16 15:25:51, 30228
1178256, 2022-08-16 15:30:53, 30297
1178257, 2022-08-16 15:35:41, 30328
1178258, 2022-08-16 15:40:42, 30539
1178259, 2022-08-16 15:45:41, 30633
1178260, 2022-08-16 15:50:39, 30709
1178261, 2022-08-16 15:55:47, 30709
1178262, 2022-08-16 16:00:43, 30709
1178263, 2022-08-16 16:05:42, 30749
1178264, 2022-08-16 16:10:41, 31156
1178265, 2022-08-16 16:15:40, 31422
1178266, 2022-08-16 16:20:43, 31557
1178267, 2022-08-16 16:25:57, 31650
1178268, 2022-08-16 16:30:48, 31644
1178269, 2022-08-16 16:35:42, 31679
1178270, 2022-08-16 16:40:44, 31850
1178271, 2022-08-16 16:45:39, 32048
1178272, 2022-08-16 16:50:39, 32294
1178273, 2022-08-16 16:55:50, 32286
1178274, 2022-08-16 17:00:43, 32212
1178275, 2022-08-16 17:05:45, 32091
1178276, 2022-08-16 17:10:44, 32159
1178277, 2022-08-16 17:15:39, 32320
1178278, 2022-08-16 17:20:45, 32377
1178279, 2022-08-16 17:25:44, 32401
1178280, 2022-08-16 17:30:45, 32446
1178281, 2022-08-16 17:35:39, 32459
1178282, 2022-08-16 17:40:42, 32472
1178283, 2022-08-16 17:45:40, 32472
1178284, 2022-08-16 17:50:39, 32291
1178285, 2022-08-16 17:55:44, 32171
1178286, 2022-08-16 18:00:42, 32124
1178287, 2022-08-16 18:05:41, 31923
1178288, 2022-08-16 18:10:44, 32012
1178289, 2022-08-16 18:15:41, 31926
1178290, 2022-08-16 18:20:42, 31685
1178291, 2022-08-16 18:25:47, 31468
1178292, 2022-08-16 18:30:46, 31524
1178293, 2022-08-16 18:35:40, 31478
1178294, 2022-08-16 18:40:42, 31140
1178295, 2022-08-16 18:45:41, 31055
1178296, 2022-08-16 18:50:40, 30971
1178297, 2022-08-16 18:55:51, 30978
1178298, 2022-08-16 19:00:44, 30730
1178299, 2022-08-16 19:05:42, 30762
1178300, 2022-08-16 19:10:43, 30994
1178301, 2022-08-16 19:15:40, 31234
1178302, 2022-08-16 19:20:40, 31060
1178303, 2022-08-16 19:25:45, 30904
1178304, 2022-08-16 19:30:40, 31067
1178305, 2022-08-16 19:35:42, 31241
1178306, 2022-08-16 19:40:49, 31265
1178307, 2022-08-16 19:45:40, 31264
1178308, 2022-08-16 19:50:39, 31243
1178309, 2022-08-16 19:55:48, 31121
1178310, 2022-08-16 20:00:41, 31225
1178311, 2022-08-16 20:05:39, 31056
1178312, 2022-08-16 20:10:42, 31325
1178313, 2022-08-16 20:15:45, 31374
1178314, 2022-08-16 20:20:41, 31152
1178315, 2022-08-16 20:25:49, 30958
1178316, 2022-08-16 20:30:40, 30995
1178317, 2022-08-16 20:35:40, 30733
1178318, 2022-08-16 20:40:44, 30540
1178319, 2022-08-16 20:45:38, 30538
1178320, 2022-08-16 20:50:46, 30430
1178321, 2022-08-16 20:55:48, 30338
1178322, 2022-08-16 21:00:39, 30037
1178323, 2022-08-16 21:05:43, 29680
1178324, 2022-08-16 21:10:43, 29692
1178325, 2022-08-16 21:15:42, 29692
1178326, 2022-08-16 21:20:40, 29199
1178327, 2022-08-16 21:25:50, 29073
1178328, 2022-08-16 21:30:43, 28953
1178329, 2022-08-16 21:35:39, 28764
1178330, 2022-08-16 21:40:43, 28764
1178331, 2022-08-16 21:45:42, 28411
1178332, 2022-08-16 21:50:41, 28411
1178333, 2022-08-16 21:55:45, 28019
1178334, 2022-08-16 22:00:47, 28242
1178335, 2022-08-16 22:05:39, 27791
1178336, 2022-08-16 22:10:45, 27823
1178337, 2022-08-16 22:15:41, 27908
1178338, 2022-08-16 22:20:40, 27791
1178339, 2022-08-16 22:25:47, 27823
1178340, 2022-08-16 22:30:41, 27908
1178341, 2022-08-16 22:35:39, 27153
1178342, 2022-08-16 22:40:44, 27803
1178343, 2022-08-16 22:45:40, 27539
1178344, 2022-08-16 22:50:43, 27539
1178345, 2022-08-16 22:55:45, 27539
1178346, 2022-08-16 23:00:45, 27313
1178347, 2022-08-16 23:05:40, 26993
1178348, 2022-08-16 23:10:43, 26767
1178349, 2022-08-16 23:15:43, 26767
1178350, 2022-08-16 23:20:38, 27000
1178351, 2022-08-16 23:25:41, 26409
1178352, 2022-08-16 23:30:46, 26985
1178353, 2022-08-16 23:35:39, 27026
1178354, 2022-08-16 23:40:44, 26832
1178355, 2022-08-16 23:45:41, 27113
1178356, 2022-08-16 23:50:39, 27268
1178357, 2022-08-16 23:55:50, 27000
1178358, 2022-08-17 00:00:38, 27087
1178359, 2022-08-17 00:05:39, 27045
1178360, 2022-08-17 00:10:46, 27124
1178361, 2022-08-17 00:15:43, 27068
1178362, 2022-08-17 00:20:39, 27136
1178363, 2022-08-17 00:25:52, 27268
1178364, 2022-08-17 00:30:47, 27268
1178365, 2022-08-17 00:35:38, 27076
1178366, 2022-08-17 00:40:46, 27060
1178367, 2022-08-17 00:45:42, 27045
1178368, 2022-08-17 00:50:41, 27045
1178369, 2022-08-17 00:55:50, 27124
1178370, 2022-08-17 01:00:47, 27082
1178371, 2022-08-17 01:05:38, 26996
1178372, 2022-08-17 01:10:40, 27181
1178373, 2022-08-17 01:15:41, 27139
1178374, 2022-08-17 01:20:41, 26847
1178375, 2022-08-17 01:25:46, 27060
1178376, 2022-08-17 01:30:43, 26636
1178377, 2022-08-17 01:35:40, 27025
1178378, 2022-08-17 01:40:45, 27082
1178379, 2022-08-17 01:45:39, 26996
1178380, 2022-08-17 01:50:43, 26996
1178381, 2022-08-17 01:55:52, 26373
1178382, 2022-08-17 02:00:41, 26345
1178383, 2022-08-17 02:05:39, 26291
1178384, 2022-08-17 02:10:44, 26271
1178385, 2022-08-17 02:15:45, 26247
1178386, 2022-08-17 02:20:38, 26268
1178387, 2022-08-17 02:25:44, 26350
1178388, 2022-08-17 02:30:39, 26208
1178389, 2022-08-17 02:35:39, 26182
1178390, 2022-08-17 02:40:47, 26214
1178391, 2022-08-17 02:45:39, 26247
1178392, 2022-08-17 02:50:40, 26268
1178393, 2022-08-17 02:55:45, 26125
1178394, 2022-08-17 03:00:41, 26096
1178395, 2022-08-17 03:05:39, 26027
1178396, 2022-08-17 03:10:43, 26220
1178397, 2022-08-17 03:15:45, 26151
1178398, 2022-08-17 03:20:39, 26151
1178399, 2022-08-17 03:25:44, 26125
1178400, 2022-08-17 03:30:39, 25582
1178401, 2022-08-17 03:35:42, 25448
1178402, 2022-08-17 03:40:46, 25489
1178403, 2022-08-17 03:45:39, 25492
1178404, 2022-08-17 03:50:39, 25663
1178405, 2022-08-17 03:55:45, 25675
1178406, 2022-08-17 04:00:44, 25759
1178407, 2022-08-17 04:05:39, 26041
1178408, 2022-08-17 04:10:51, 26184
1178409, 2022-08-17 04:15:39, 26308
1178410, 2022-08-17 04:20:40, 26397
1178411, 2022-08-17 04:25:42, 26430
1178412, 2022-08-17 04:30:38, 26464
1178413, 2022-08-17 04:35:42, 26524
1178414, 2022-08-17 04:40:45, 26583
1178415, 2022-08-17 04:45:40, 26745
1178416, 2022-08-17 04:50:39, 26851
1178417, 2022-08-17 04:55:44, 26958
1178418, 2022-08-17 05:00:40, 27047
1178419, 2022-08-17 05:05:38, 27138
1178420, 2022-08-17 05:10:42, 27225
1178421, 2022-08-17 05:15:41, 27334
1178422, 2022-08-17 05:20:42, 27768
1178423, 2022-08-17 05:25:51, 28047
1178424, 2022-08-17 05:30:39, 27996
1178425, 2022-08-17 05:35:41, 28060
1178426, 2022-08-17 05:40:49, 28118
1178427, 2022-08-17 05:45:38, 28461
1178428, 2022-08-17 05:50:39, 28753
1178429, 2022-08-17 05:55:42, 28971
1178430, 2022-08-17 06:00:39, 29192
1178431, 2022-08-17 06:05:40, 29278
1178432, 2022-08-17 06:10:45, 29273
1178433, 2022-08-17 06:15:39, 29257
1178434, 2022-08-17 06:20:39, 29492
1178435, 2022-08-17 06:25:52, 29753
1178436, 2022-08-17 06:30:42, 29930
1178437, 2022-08-17 06:35:40, 30042
1178438, 2022-08-17 06:40:55, 30212
1178439, 2022-08-17 06:45:40, 30555
1178440, 2022-08-17 06:50:40, 30752
1178441, 2022-08-17 06:55:53, 30822
1178442, 2022-08-17 07:00:43, 30938
1178443, 2022-08-17 07:05:39, 30709
1178444, 2022-08-17 07:10:39, 30153
1178445, 2022-08-17 07:15:42, 30038
1178446, 2022-08-17 07:20:39, 29942
1178447, 2022-08-17 07:25:44, 30017
1178448, 2022-08-17 07:30:50, 30166
1178449, 2022-08-17 07:35:40, 30173
1178450, 2022-08-17 07:40:49, 30167
1178451, 2022-08-17 07:45:39, 30134
1178452, 2022-08-17 07:50:40, 30282
1178453, 2022-08-17 07:55:44, 30410
1178454, 2022-08-17 08:00:42, 30486
1178455, 2022-08-17 08:05:50, 30637
1178456, 2022-08-17 08:10:39, 30840
1178457, 2022-08-17 08:15:40, 30888
1178458, 2022-08-17 08:20:40, 30929
1178459, 2022-08-17 08:25:45, 31063
1178460, 2022-08-17 08:30:49, 30984
1178461, 2022-08-17 08:35:40, 30980
1178462, 2022-08-17 08:40:40, 31044
1178463, 2022-08-17 08:45:39, 30977
1178464, 2022-08-17 08:50:40, 30922
1178465, 2022-08-17 08:55:44, 30959
1178466, 2022-08-17 09:00:43, 30901
1178467, 2022-08-17 09:05:46, 30866
1178468, 2022-08-17 09:10:43, 30683
1178469, 2022-08-17 09:15:42, 30549
1178470, 2022-08-17 09:20:38, 30455
1178471, 2022-08-17 09:25:46, 30411
1178472, 2022-08-17 09:30:49, 30389
1178473, 2022-08-17 09:35:44, 30262
1178474, 2022-08-17 09:40:46, 30147
1178475, 2022-08-17 09:45:41, 30035
1178476, 2022-08-17 09:50:40, 30000
1178477, 2022-08-17 09:55:52, 30030
1178478, 2022-08-17 10:00:42, 29988
1178479, 2022-08-17 10:05:40, 30026
1178480, 2022-08-17 10:10:44, 29969
1178481, 2022-08-17 10:15:39, 29976
1178482, 2022-08-17 10:20:43, 29970
1178483, 2022-08-17 10:25:43, 30043
1178484, 2022-08-17 10:30:45, 30061
1178485, 2022-08-17 10:35:42, 30045
1178486, 2022-08-17 10:40:45, 29993
1178487, 2022-08-17 10:45:45, 30044
1178488, 2022-08-17 10:50:41, 30035
1178489, 2022-08-17 10:55:43, 30078
1178490, 2022-08-17 11:00:41, 30032
1178491, 2022-08-17 11:05:42, 30032
1178492, 2022-08-17 11:10:39, 29886
1178493, 2022-08-17 11:15:40, 29998
1178494, 2022-08-17 11:20:39, 30153
1178495, 2022-08-17 11:25:52, 30153
1178496, 2022-08-17 11:30:46, 30163
1178497, 2022-08-17 11:35:40, 30150
1178498, 2022-08-17 11:40:40, 30129
1178499, 2022-08-17 11:45:42, 30080
1178500, 2022-08-17 11:50:44, 30077
1178501, 2022-08-17 11:55:49, 30063
1178502, 2022-08-17 12:00:48, 30028
1178503, 2022-08-17 12:05:41, 30118
1178504, 2022-08-17 12:10:43, 30819
1178505, 2022-08-17 12:15:41, 31159
1178506, 2022-08-17 12:20:40, 31206
1178507, 2022-08-17 12:25:49, 30984
1178508, 2022-08-17 12:30:51, 30984
1178509, 2022-08-17 12:35:42, 30710
1178510, 2022-08-17 12:40:46, 30679
1178511, 2022-08-17 12:45:41, 30660
1178512, 2022-08-17 12:50:45, 30576
1178513, 2022-08-17 12:55:50, 30638
1178514, 2022-08-17 13:00:40, 30602
1178515, 2022-08-17 13:05:45, 30565
1178516, 2022-08-17 13:10:44, 30588
1178517, 2022-08-17 13:15:39, 30588
1178518, 2022-08-17 13:20:39, 30439
1178519, 2022-08-17 13:25:45, 30439
1178520, 2022-08-17 13:30:49, 30354
1178521, 2022-08-17 13:35:40, 30257
1178522, 2022-08-17 13:40:41, 30257
1178523, 2022-08-17 13:45:46, 30363
1178524, 2022-08-17 13:50:40, 30418
1178525, 2022-08-17 13:55:52, 30418
1178526, 2022-08-17 14:00:50, 30427
1178527, 2022-08-17 14:05:43, 30220
1178528, 2022-08-17 14:10:47, 29898
1178529, 2022-08-17 14:15:41, 29625
1178530, 2022-08-17 14:20:40, 29519
1178531, 2022-08-17 14:25:49, 29312
1178532, 2022-08-17 14:30:52, 29489
1178533, 2022-08-17 14:35:43, 29593
1178534, 2022-08-17 14:40:45, 29793
1178535, 2022-08-17 14:45:40, 29833
1178536, 2022-08-17 14:50:39, 29888
1178537, 2022-08-17 14:55:50, 29818
1178538, 2022-08-17 15:00:49, 29825
1178539, 2022-08-17 15:05:42, 29793
1178540, 2022-08-17 15:10:53, 29707
1178541, 2022-08-17 15:15:39, 29759
1178542, 2022-08-17 15:20:40, 29790
1178543, 2022-08-17 15:25:53, 29923
1178544, 2022-08-17 15:30:43, 30054
1178545, 2022-08-17 15:35:41, 30245
1178546, 2022-08-17 15:40:43, 30245
1178547, 2022-08-17 15:45:40, 30622
1178548, 2022-08-17 15:50:40, 30622
1178549, 2022-08-17 15:55:48, 30752
1178550, 2022-08-17 16:00:40, 30917
1178551, 2022-08-17 16:05:50, 31155
1178552, 2022-08-17 16:10:48, 31403
1178553, 2022-08-17 16:15:40, 31732
1178554, 2022-08-17 16:20:39, 31791
1178555, 2022-08-17 16:25:42, 31904
1178556, 2022-08-17 16:30:45, 31981
1178557, 2022-08-17 16:35:43, 31984
1178558, 2022-08-17 16:40:40, 32084
1178559, 2022-08-17 16:45:39, 32145
1178560, 2022-08-17 16:50:39, 32366
1178561, 2022-08-17 16:55:45, 31925
1178562, 2022-08-17 17:00:40, 31901
1178563, 2022-08-17 17:05:47, 31799
1178564, 2022-08-17 17:10:44, 31928
1178565, 2022-08-17 17:15:39, 32264
1178566, 2022-08-17 17:20:39, 32079
1178567, 2022-08-17 17:25:46, 32103
1178568, 2022-08-17 17:30:43, 32072
1178569, 2022-08-17 17:35:41, 32060
1178570, 2022-08-17 17:40:39, 32043
1178571, 2022-08-17 17:45:40, 32032
1178572, 2022-08-17 17:50:38, 32003
1178573, 2022-08-17 17:55:50, 32001
1178574, 2022-08-17 18:00:41, 31984
1178575, 2022-08-17 18:05:44, 31794
1178576, 2022-08-17 18:10:43, 31290
1178577, 2022-08-17 18:15:39, 31634
1178578, 2022-08-17 18:20:40, 31785
1178579, 2022-08-17 18:25:48, 31843
1178580, 2022-08-17 18:30:39, 31808
1178581, 2022-08-17 18:35:41, 31720
1178582, 2022-08-17 18:40:43, 31722
1178583, 2022-08-17 18:45:39, 31706
1178584, 2022-08-17 18:50:39, 31726
1178585, 2022-08-17 18:55:47, 31627
1178586, 2022-08-17 19:00:43, 31618
1178587, 2022-08-17 19:05:47, 31469
1178588, 2022-08-17 19:10:42, 31446
1178589, 2022-08-17 19:15:39, 31489
1178590, 2022-08-17 19:20:40, 31465
1178591, 2022-08-17 19:25:43, 31372
1178592, 2022-08-17 19:30:40, 31352
1178593, 2022-08-17 19:35:44, 31397
1178594, 2022-08-17 19:40:39, 31423
1178595, 2022-08-17 19:45:39, 31432
1178596, 2022-08-17 19:50:40, 31406
1178597, 2022-08-17 19:55:45, 31301
1178598, 2022-08-17 20:00:45, 31290
1178599, 2022-08-17 20:05:40, 31249
1178600, 2022-08-17 20:10:42, 31360
1178601, 2022-08-17 20:15:40, 31363
1178602, 2022-08-17 20:20:38, 31143
1178603, 2022-08-17 20:25:46, 31038
1178604, 2022-08-17 20:45:38, 30039
1178605, 2022-08-17 20:50:38, 29920
1178606, 2022-08-17 20:55:38, 29606
1178607, 2022-08-17 21:00:40, 29275
1178608, 2022-08-17 21:05:40, 29054
1178609, 2022-08-17 21:10:39, 29068
1178610, 2022-08-17 21:15:43, 29068
1178611, 2022-08-17 21:20:39, 28943
1178612, 2022-08-17 21:25:38, 28503
1178613, 2022-08-17 21:30:39, 28319
1178614, 2022-08-17 21:35:40, 28503
1178615, 2022-08-17 21:40:41, 28319
1178616, 2022-08-17 21:45:39, 27921
1178617, 2022-08-17 21:50:39, 28007
1178618, 2022-08-17 21:55:42, 27921
1178619, 2022-08-17 22:00:39, 27365
1178620, 2022-08-17 22:05:38, 27074
1178621, 2022-08-17 22:10:40, 27027
1178622, 2022-08-17 22:15:38, 26826
1178623, 2022-08-17 22:20:38, 26711
1178624, 2022-08-17 22:25:38, 26631
1178625, 2022-08-17 22:30:39, 26469
1178626, 2022-08-17 22:35:38, 26232
1178627, 2022-08-17 22:40:39, 26054
1178628, 2022-08-17 22:45:39, 25846
1178629, 2022-08-17 22:50:38, 25702
1178630, 2022-08-17 22:55:39, 25611
1178631, 2022-08-17 23:00:45, 26232
1178632, 2022-08-17 23:05:39, 26054
1178633, 2022-08-17 23:10:39, 25702
1178634, 2022-08-17 23:15:40, 26331
1178635, 2022-08-17 23:20:41, 25611
1178636, 2022-08-17 23:25:39, 25501
1178637, 2022-08-17 23:30:40, 25671
1178638, 2022-08-17 23:35:38, 26248
1178639, 2022-08-17 23:40:41, 26275
1178640, 2022-08-17 23:45:38, 26145
1178641, 2022-08-17 23:50:40, 26331
1178642, 2022-08-17 23:55:38, 26058
1178643, 2022-08-18 00:00:38, 26233
1178644, 2022-08-18 00:05:43, 26195
1178645, 2022-08-18 00:10:38, 26155
1178646, 2022-08-18 00:15:39, 26162
1178647, 2022-08-18 00:20:43, 26248
1178648, 2022-08-18 00:25:38, 26430
1178649, 2022-08-18 00:30:39, 26434
1178650, 2022-08-18 00:35:41, 26072
1178651, 2022-08-18 00:40:40, 26058
1178652, 2022-08-18 00:45:39, 26058
1178653, 2022-08-18 00:50:42, 26017
1178654, 2022-08-18 00:55:38, 26474
1178655, 2022-08-18 01:00:40, 26522
1178656, 2022-08-18 01:05:40, 26155
1178657, 2022-08-18 01:10:39, 26013
1178658, 2022-08-18 01:15:39, 26544
1178659, 2022-08-18 01:20:42, 26421
1178660, 2022-08-18 01:25:39, 26430
1178661, 2022-08-18 01:30:39, 26434
1178662, 2022-08-18 01:35:38, 26183
1178663, 2022-08-18 01:40:39, 26077
1178664, 2022-08-18 01:45:41, 26494
1178665, 2022-08-18 01:50:40, 26474
1178666, 2022-08-18 01:55:39, 26523
1178667, 2022-08-18 02:00:43, 25914
1178668, 2022-08-18 02:05:40, 26025
1178669, 2022-08-18 02:10:40, 26038
1178670, 2022-08-18 02:15:38, 26117
1178671, 2022-08-18 02:20:40, 26183
1178672, 2022-08-18 02:25:38, 26053
1178673, 2022-08-18 02:30:39, 25771
1178674, 2022-08-18 02:35:39, 25914
1178675, 2022-08-18 02:40:38, 26023
1178676, 2022-08-18 02:45:38, 25926
1178677, 2022-08-18 02:50:39, 25825
1178678, 2022-08-18 02:55:39, 26130
1178679, 2022-08-18 03:00:42, 25935
1178680, 2022-08-18 03:05:39, 26053
1178681, 2022-08-18 03:10:38, 25982
1178682, 2022-08-18 03:15:40, 26134
1178683, 2022-08-18 03:20:39, 26026
1178684, 2022-08-18 03:25:39, 25926
1178685, 2022-08-18 03:30:43, 25825
1178686, 2022-08-18 03:35:39, 25916
1178687, 2022-08-18 03:40:38, 26023
1178688, 2022-08-18 03:45:38, 25936
1178689, 2022-08-18 03:50:38, 26008
1178690, 2022-08-18 03:55:44, 26082
1178691, 2022-08-18 04:00:40, 26170
1178692, 2022-08-18 04:05:39, 26231
1178693, 2022-08-18 04:10:39, 26356
1178694, 2022-08-18 04:15:38, 26525
1178695, 2022-08-18 04:20:41, 26690
1178696, 2022-08-18 04:25:39, 26843
1178697, 2022-08-18 04:30:38, 26865
1178698, 2022-08-18 04:35:39, 26815
1178699, 2022-08-18 04:40:39, 26839
1178700, 2022-08-18 04:45:39, 26798
1178701, 2022-08-18 04:50:40, 26818
1178702, 2022-08-18 04:55:38, 26883
1178703, 2022-08-18 05:00:39, 26892
1178704, 2022-08-18 05:05:39, 26658
1178705, 2022-08-18 05:10:40, 26079
1178706, 2022-08-18 05:15:39, 25840
1178707, 2022-08-18 05:20:43, 26081
1178708, 2022-08-18 05:25:38, 26339
1178709, 2022-08-18 05:30:40, 26429
1178710, 2022-08-18 05:35:38, 26502
1178711, 2022-08-18 05:40:40, 26716
1178712, 2022-08-18 05:45:39, 26995
1178713, 2022-08-18 05:50:38, 27203
1178714, 2022-08-18 05:55:40, 27361
1178715, 2022-08-18 06:00:40, 27532
1178716, 2022-08-18 06:05:39, 27433
1178717, 2022-08-18 06:10:39, 27015
1178718, 2022-08-18 06:15:38, 26722
1178719, 2022-08-18 06:20:41, 26837
1178720, 2022-08-18 06:25:39, 26935
1178721, 2022-08-18 06:30:44, 27029
1178722, 2022-08-18 06:35:39, 27162
1178723, 2022-08-18 06:40:39, 27399
1178724, 2022-08-18 06:45:42, 27623
1178725, 2022-08-18 06:50:38, 27805
1178726, 2022-08-18 06:55:38, 27957
1178727, 2022-08-18 07:00:51, 28148
1178728, 2022-08-18 07:05:39, 28262
1178729, 2022-08-18 07:10:41, 28262
1178730, 2022-08-18 07:15:44, 28941
1178731, 2022-08-18 07:20:39, 28972
1178732, 2022-08-18 07:25:40, 29014
1178733, 2022-08-18 07:30:45, 29104
1178734, 2022-08-18 07:35:40, 29175
1178735, 2022-08-18 07:40:39, 29190
1178736, 2022-08-18 07:45:40, 29272
1178737, 2022-08-18 07:50:43, 29319
1178738, 2022-08-18 07:55:38, 29414
1178739, 2022-08-18 08:00:41, 29427
1178740, 2022-08-18 08:05:39, 29584
1178741, 2022-08-18 08:10:41, 29850
1178742, 2022-08-18 08:15:40, 30147
1178743, 2022-08-18 08:20:39, 30112
1178744, 2022-08-18 08:25:38, 30150
1178745, 2022-08-18 08:30:42, 30198
1178746, 2022-08-18 08:35:39, 30201
1178747, 2022-08-18 08:40:40, 30216
1178748, 2022-08-18 08:45:40, 30231
1178749, 2022-08-18 08:50:40, 30143
1178750, 2022-08-18 08:55:45, 30263
1178751, 2022-08-18 09:00:40, 30377
1178752, 2022-08-18 09:05:40, 30288
1178753, 2022-08-18 09:10:41, 30121
1178754, 2022-08-18 09:15:43, 29990
1178755, 2022-08-18 09:20:44, 29974
1178756, 2022-08-18 09:25:38, 30081
1178757, 2022-08-18 09:30:42, 30030
1178758, 2022-08-18 09:35:41, 30023
1178759, 2022-08-18 09:40:46, 30047
1178760, 2022-08-18 09:45:41, 30005
1178761, 2022-08-18 09:50:41, 30016
1178762, 2022-08-18 09:55:39, 29989
1178763, 2022-08-18 10:00:43, 29967
1178764, 2022-08-18 10:05:41, 30045
1178765, 2022-08-18 10:10:40, 30375
1178766, 2022-08-18 10:15:40, 30647
1178767, 2022-08-18 10:20:39, 30722
1178768, 2022-08-18 10:25:43, 30728
1178769, 2022-08-18 10:30:39, 30759
1178770, 2022-08-18 10:35:53, 30850
1178771, 2022-08-18 10:40:41, 30904
1178772, 2022-08-18 10:45:38, 30921
1178773, 2022-08-18 10:50:40, 30880
1178774, 2022-08-18 10:55:38, 30842
1178775, 2022-08-18 11:00:43, 30749
1178776, 2022-08-18 11:05:41, 30666
1178777, 2022-08-18 11:10:39, 30293
1178778, 2022-08-18 11:15:40, 30151
1178779, 2022-08-18 11:20:39, 30269
1178780, 2022-08-18 11:25:39, 30253
1178781, 2022-08-18 11:30:40, 30156
1178782, 2022-08-18 11:35:42, 30078
1178783, 2022-08-18 11:40:39, 30117
1178784, 2022-08-18 11:45:40, 30091
1178785, 2022-08-18 11:50:40, 29960
1178786, 2022-08-18 11:55:40, 29729
1178787, 2022-08-18 12:00:40, 29661
1178788, 2022-08-18 12:05:43, 29668
1178789, 2022-08-18 12:10:42, 29737
1178790, 2022-08-18 12:15:38, 29800
1178791, 2022-08-18 12:20:39, 29698
1178792, 2022-08-18 12:25:38, 29646
1178793, 2022-08-18 12:30:41, 29710
1178794, 2022-08-18 12:35:39, 29641
1178795, 2022-08-18 12:40:40, 29652
1178796, 2022-08-18 12:45:39, 29733
1178797, 2022-08-18 12:50:40, 29711
1178798, 2022-08-18 12:55:39, 29754
1178799, 2022-08-18 13:00:43, 29872
1178800, 2022-08-18 13:05:48, 29872
1178801, 2022-08-18 13:10:41, 29872
1178802, 2022-08-18 13:15:39, 29872
1178803, 2022-08-18 13:20:40, 29872
1178804, 2022-08-18 13:25:38, 29872
1178805, 2022-08-18 13:30:43, 30208
1178806, 2022-08-18 13:35:39, 30123
1178807, 2022-08-18 13:40:40, 30067
1178808, 2022-08-18 13:45:39, 30067
1178809, 2022-08-18 13:50:39, 30041
1178810, 2022-08-18 13:55:41, 30021
1178811, 2022-08-18 14:00:39, 29956
1178812, 2022-08-18 14:05:41, 29884
1178813, 2022-08-18 14:10:40, 29922
1178814, 2022-08-18 14:15:41, 29970
1178815, 2022-08-18 14:20:39, 29984
1178816, 2022-08-18 14:25:39, 30072
1178817, 2022-08-18 14:30:40, 30111
1178818, 2022-08-18 14:35:40, 30239
1178819, 2022-08-18 14:40:41, 30264
1178820, 2022-08-18 14:45:39, 30270
1178821, 2022-08-18 14:50:40, 30334
1178822, 2022-08-18 14:55:42, 30381
1178823, 2022-08-18 15:00:40, 30402
1178824, 2022-08-18 15:05:40, 30303
1178825, 2022-08-18 15:10:49, 30296
1178826, 2022-08-18 15:15:39, 30431
1178827, 2022-08-18 15:20:41, 30474
1178828, 2022-08-18 15:25:43, 30488
1178829, 2022-08-18 15:30:40, 30551
1178830, 2022-08-18 15:35:40, 30707
1178831, 2022-08-18 15:40:40, 30845
1178832, 2022-08-18 15:45:40, 30845
1178833, 2022-08-18 15:50:41, 30845
1178834, 2022-08-18 15:55:39, 31144
1178835, 2022-08-18 16:00:43, 31800
1178836, 2022-08-18 16:05:46, 31848
1178837, 2022-08-18 16:10:47, 31792
1178838, 2022-08-18 16:15:40, 31796
1178839, 2022-08-18 16:20:40, 31944
1178840, 2022-08-18 16:25:42, 32173
1178841, 2022-08-18 16:30:42, 32249
1178842, 2022-08-18 16:35:39, 32292
1178843, 2022-08-18 16:40:43, 32314
1178844, 2022-08-18 16:45:40, 32342
1178845, 2022-08-18 16:50:39, 32397
1178846, 2022-08-18 16:55:39, 32413
1178847, 2022-08-18 17:00:41, 32415
1178848, 2022-08-18 17:05:42, 32346
1178849, 2022-08-18 17:10:40, 32493
1178850, 2022-08-18 17:15:40, 32569
1178851, 2022-08-18 17:20:50, 32597
1178852, 2022-08-18 17:25:39, 32575
1178853, 2022-08-18 17:30:39, 32498
1178854, 2022-08-18 17:35:39, 32430
1178855, 2022-08-18 17:41:00, 32469
1178856, 2022-08-18 17:45:39, 32516
1178857, 2022-08-18 17:50:38, 32553
1178858, 2022-08-18 17:55:40, 32611
1178859, 2022-08-18 18:00:39, 32495
1178860, 2022-08-18 18:05:40, 32269
1178861, 2022-08-18 18:10:38, 31904
1178862, 2022-08-18 18:15:38, 32086
1178863, 2022-08-18 18:20:39, 32072
1178864, 2022-08-18 18:25:38, 31990
1178865, 2022-08-18 18:30:40, 31944
1178866, 2022-08-18 18:35:38, 31999
1178867, 2022-08-18 18:40:39, 32008
1178868, 2022-08-18 18:45:38, 31966
1178869, 2022-08-18 18:50:38, 32013
1178870, 2022-08-18 18:55:39, 31850
1178871, 2022-08-18 19:00:40, 31753
1178872, 2022-08-18 19:05:40, 31574
1178873, 2022-08-18 19:10:50, 31632
1178874, 2022-08-18 19:15:45, 31575
1178875, 2022-08-18 19:20:39, 31632
1178876, 2022-08-18 19:25:38, 31508
1178877, 2022-08-18 19:30:39, 31534
1178878, 2022-08-18 19:35:38, 31434
1178879, 2022-08-18 19:41:22, 31508
1178880, 2022-08-18 19:45:39, 31428
1178881, 2022-08-18 19:50:39, 31343
1178882, 2022-08-18 19:55:38, 31284
1178883, 2022-08-18 20:00:40, 31289
1178884, 2022-08-18 20:05:41, 31355
1178885, 2022-08-18 20:10:59, 31733
1178886, 2022-08-18 20:15:40, 31746
1178887, 2022-08-18 20:20:41, 31629
1178888, 2022-08-18 20:25:38, 31629
1178889, 2022-08-18 20:30:40, 31444
1178890, 2022-08-18 20:35:39, 31307
1178891, 2022-08-18 20:40:44, 31172
1178892, 2022-08-18 20:45:40, 30964
1178893, 2022-08-18 20:50:38, 30626
1178894, 2022-08-18 20:55:38, 30350
1178895, 2022-08-18 21:00:39, 30145
1178896, 2022-08-18 21:05:38, 29855
1178897, 2022-08-18 21:11:01, 29393
1178898, 2022-08-18 21:15:40, 28978
1178899, 2022-08-18 21:20:39, 28978
1178900, 2022-08-18 21:25:40, 28873
1178901, 2022-08-18 21:30:40, 28873
1178902, 2022-08-18 21:35:38, 28522
1178903, 2022-08-18 21:40:43, 28595
1178904, 2022-08-18 21:45:38, 27988
1178905, 2022-08-18 21:50:38, 27748
1178906, 2022-08-18 21:55:38, 27988
1178907, 2022-08-18 22:00:41, 27217
1178908, 2022-08-18 22:05:42, 27748
1178909, 2022-08-18 22:10:39, 27493
1178910, 2022-08-18 22:15:38, 27436
1178911, 2022-08-18 22:20:40, 27152
1178912, 2022-08-18 22:25:39, 27152
1178913, 2022-08-18 22:30:38, 26671
1178914, 2022-08-18 22:35:38, 26496
1178915, 2022-08-18 22:40:38, 26330
1178916, 2022-08-18 22:45:38, 26095
1178917, 2022-08-18 22:50:38, 25979
1178918, 2022-08-18 22:55:38, 25941
1178919, 2022-08-18 23:00:39, 26496
1178920, 2022-08-18 23:05:40, 26330
1178921, 2022-08-18 23:10:40, 25979
1178922, 2022-08-18 23:15:41, 26562
1178923, 2022-08-18 23:20:39, 25941
1178924, 2022-08-18 23:25:39, 25903
1178925, 2022-08-18 23:30:41, 26045
1178926, 2022-08-18 23:35:39, 26045
1178927, 2022-08-18 23:40:45, 26413
1178928, 2022-08-18 23:45:38, 26480
1178929, 2022-08-18 23:50:38, 26501
1178930, 2022-08-18 23:55:38, 26381
1178931, 2022-08-19 00:00:42, 26768
1178932, 2022-08-19 00:05:38, 26768
1178933, 2022-08-19 00:10:38, 26785
1178934, 2022-08-19 00:15:41, 26534
1178935, 2022-08-19 00:20:38, 27088
1178936, 2022-08-19 00:25:39, 26501
1178937, 2022-08-19 00:30:38, 27020
1178938, 2022-08-19 00:35:37, 26992
1178939, 2022-08-19 00:40:39, 26343
1178940, 2022-08-19 00:45:38, 26343
1178941, 2022-08-19 00:50:39, 26785
1178942, 2022-08-19 00:55:42, 27088
1178943, 2022-08-19 01:00:39, 27195
1178944, 2022-08-19 01:05:38, 27054
1178945, 2022-08-19 01:10:40, 27153
1178946, 2022-08-19 01:15:39, 27215
1178947, 2022-08-19 01:20:40, 27219
1178948, 2022-08-19 01:25:39, 27156
1178949, 2022-08-19 01:30:39, 27156
1178950, 2022-08-19 01:35:38, 27269
1178951, 2022-08-19 01:40:40, 27092
1178952, 2022-08-19 01:45:37, 27035
1178953, 2022-08-19 01:50:39, 26913
1178954, 2022-08-19 01:55:38, 26858
1178955, 2022-08-19 02:00:45, 27219
1178956, 2022-08-19 02:05:38, 26848
1178957, 2022-08-19 02:10:38, 26925
1178958, 2022-08-19 02:15:39, 27217
1178959, 2022-08-19 02:20:39, 27269
1178960, 2022-08-19 02:25:38, 27134
1178961, 2022-08-19 02:30:43, 26913
1178962, 2022-08-19 02:35:39, 26913
1178963, 2022-08-19 02:40:38, 26741
1178964, 2022-08-19 02:45:40, 26595
1178965, 2022-08-19 02:50:39, 26532
1178966, 2022-08-19 02:55:38, 26848
1178967, 2022-08-19 03:00:43, 26689
1178968, 2022-08-19 03:05:38, 26609
1178969, 2022-08-19 03:10:39, 26842
1178970, 2022-08-19 03:15:39, 26842
1178971, 2022-08-19 03:20:38, 26840
1178972, 2022-08-19 03:25:37, 26696
1178973, 2022-08-19 03:30:42, 26741
1178974, 2022-08-19 03:35:38, 26750
1178975, 2022-08-19 03:40:39, 26630
1178976, 2022-08-19 03:45:38, 26526
1178977, 2022-08-19 03:50:37, 26485
1178978, 2022-08-19 03:55:38, 26638
1178979, 2022-08-19 04:00:41, 26469
1178980, 2022-08-19 04:05:38, 26452
1178981, 2022-08-19 04:10:39, 26750
1178982, 2022-08-19 04:15:38, 26220
1178983, 2022-08-19 04:20:41, 26469
1178984, 2022-08-19 04:25:38, 26009
1178985, 2022-08-19 04:30:39, 26006
1178986, 2022-08-19 04:35:38, 25980
1178987, 2022-08-19 04:40:43, 26087
1178988, 2022-08-19 04:45:38, 26113
1178989, 2022-08-19 04:50:39, 26199
1178990, 2022-08-19 04:55:38, 26494
1178991, 2022-08-19 05:00:42, 26571
1178992, 2022-08-19 05:05:38, 26171
1178993, 2022-08-19 05:10:39, 25435
1178994, 2022-08-19 05:15:38, 25089
1178995, 2022-08-19 05:20:38, 25210
1178996, 2022-08-19 05:25:42, 25192
1178997, 2022-08-19 05:30:39, 25264
1178998, 2022-08-19 05:35:38, 25347
1178999, 2022-08-19 05:40:39, 25544
1179000, 2022-08-19 05:45:38, 25686
1179001, 2022-08-19 05:50:38, 25884
1179002, 2022-08-19 05:55:38, 26056
1179003, 2022-08-19 06:00:40, 26217
1179004, 2022-08-19 06:05:37, 26106
1179005, 2022-08-19 06:10:40, 26011
1179006, 2022-08-19 06:15:40, 26192
1179007, 2022-08-19 06:20:39, 26480
1179008, 2022-08-19 06:25:39, 26644
1179009, 2022-08-19 06:30:38, 26791
1179010, 2022-08-19 06:35:38, 26786
1179011, 2022-08-19 06:40:40, 27044
1179012, 2022-08-19 06:45:39, 27288
1179013, 2022-08-19 06:50:38, 27359
1179014, 2022-08-19 06:55:39, 27507
1179015, 2022-08-19 07:00:57, 27633
1179016, 2022-08-19 07:05:40, 27640
1179017, 2022-08-19 07:10:38, 27627
1179018, 2022-08-19 07:15:40, 27670
1179019, 2022-08-19 07:20:42, 27669
1179020, 2022-08-19 07:25:38, 27672
1179021, 2022-08-19 07:30:41, 27732
1179022, 2022-08-19 07:35:38, 27701
1179023, 2022-08-19 07:40:38, 27736
1179024, 2022-08-19 07:45:40, 27664
1179025, 2022-08-19 07:50:40, 27642
1179026, 2022-08-19 07:55:38, 27643
1179027, 2022-08-19 08:00:40, 27652
1179028, 2022-08-19 08:05:42, 27687
1179029, 2022-08-19 08:10:39, 27781
1179030, 2022-08-19 08:15:39, 27918
1179031, 2022-08-19 08:20:42, 27919
1179032, 2022-08-19 08:25:39, 27818
1179033, 2022-08-19 08:30:44, 27837
1179034, 2022-08-19 08:35:39, 27895
1179035, 2022-08-19 08:40:38, 28032
1179036, 2022-08-19 08:45:40, 28094
1179037, 2022-08-19 08:50:39, 27966
1179038, 2022-08-19 08:55:40, 27899
1179039, 2022-08-19 09:00:39, 27829
1179040, 2022-08-19 09:05:38, 27855
1179041, 2022-08-19 09:10:42, 27908
1179042, 2022-08-19 09:15:38, 28156
1179043, 2022-08-19 09:20:39, 28234
1179044, 2022-08-19 09:25:39, 28133
1179045, 2022-08-19 09:30:40, 27993
1179046, 2022-08-19 09:35:40, 28100
1179047, 2022-08-19 09:40:39, 28117
1179048, 2022-08-19 09:45:40, 27971
1179049, 2022-08-19 09:50:42, 27784
1179050, 2022-08-19 09:55:39, 27794
1179051, 2022-08-19 10:00:42, 27739
1179052, 2022-08-19 10:05:40, 27701
1179053, 2022-08-19 10:10:40, 28114
1179054, 2022-08-19 10:16:11, 28103
1179055, 2022-08-19 10:21:10, 28094
1179056, 2022-08-19 10:25:40, 28083
1179057, 2022-08-19 10:30:43, 28033
1179058, 2022-08-19 10:35:45, 27899
1179059, 2022-08-19 10:40:40, 27898
1179060, 2022-08-19 10:45:40, 27861
1179061, 2022-08-19 10:50:39, 27719
1179062, 2022-08-19 10:55:41, 27688
1179063, 2022-08-19 11:00:45, 27653
1179064, 2022-08-19 11:05:38, 27617
1179065, 2022-08-19 11:10:40, 27524
1179066, 2022-08-19 11:15:39, 27564
1179067, 2022-08-19 11:21:02, 27555
1179068, 2022-08-19 11:25:42, 27520
1179069, 2022-08-19 11:30:43, 27456
1179070, 2022-08-19 11:35:39, 27427
1179071, 2022-08-19 11:40:45, 27391
1179072, 2022-08-19 11:45:39, 27231
1179073, 2022-08-19 11:50:39, 27123
1179074, 2022-08-19 11:55:46, 27094
1179075, 2022-08-19 12:00:40, 27126
1179076, 2022-08-19 12:05:41, 27208
1179077, 2022-08-19 12:10:43, 27606
1179078, 2022-08-19 12:15:40, 27910
1179079, 2022-08-19 12:20:42, 27837
1179080, 2022-08-19 12:25:39, 27572
1179081, 2022-08-19 12:30:40, 27526
1179082, 2022-08-19 12:35:40, 27588
1179083, 2022-08-19 12:40:40, 27512
1179084, 2022-08-19 12:45:43, 27346
1179085, 2022-08-19 12:50:38, 27363
1179086, 2022-08-19 12:55:38, 27212
1179087, 2022-08-19 13:00:44, 27141
1179088, 2022-08-19 13:05:38, 27070
1179089, 2022-08-19 13:10:40, 26713
1179090, 2022-08-19 13:15:39, 26734
1179091, 2022-08-19 13:20:41, 26704
1179092, 2022-08-19 13:25:41, 26629
1179093, 2022-08-19 13:30:41, 26662
1179094, 2022-08-19 13:35:38, 26738
1179095, 2022-08-19 13:40:40, 26755
1179096, 2022-08-19 13:45:43, 26645
1179097, 2022-08-19 13:50:38, 26461
1179098, 2022-08-19 13:55:40, 26475
1179099, 2022-08-19 14:00:42, 26602
1179100, 2022-08-19 14:05:46, 26602
1179101, 2022-08-19 14:10:39, 26354
1179102, 2022-08-19 14:15:38, 26519
1179103, 2022-08-19 14:20:40, 26491
1179104, 2022-08-19 14:25:40, 26293
1179105, 2022-08-19 14:30:42, 26365
1179106, 2022-08-19 14:35:39, 26497
1179107, 2022-08-19 14:40:39, 26634
1179108, 2022-08-19 14:45:46, 26728
1179109, 2022-08-19 14:50:39, 26692
1179110, 2022-08-19 14:55:39, 26686
1179111, 2022-08-19 15:00:46, 26671
1179112, 2022-08-19 15:05:39, 26601
1179113, 2022-08-19 15:10:40, 26692
1179114, 2022-08-19 15:15:40, 26719
1179115, 2022-08-19 15:20:40, 26787
1179116, 2022-08-19 15:25:38, 26904
1179117, 2022-08-19 15:30:40, 26993
1179118, 2022-08-19 15:35:44, 27177
1179119, 2022-08-19 15:40:40, 27177
1179120, 2022-08-19 15:45:40, 27486
1179121, 2022-08-19 15:50:45, 27821
1179122, 2022-08-19 15:55:39, 27486
1179123, 2022-08-19 16:00:40, 28162
1179124, 2022-08-19 16:05:41, 28182
1179125, 2022-08-19 16:10:40, 28195
1179126, 2022-08-19 16:15:39, 28227
1179127, 2022-08-19 16:20:41, 28265
1179128, 2022-08-19 16:25:38, 28418
1179129, 2022-08-19 16:30:45, 28562
1179130, 2022-08-19 16:35:42, 28674
1179131, 2022-08-19 16:40:39, 28811
1179132, 2022-08-19 16:45:41, 28933
1179133, 2022-08-19 16:50:39, 28932
1179134, 2022-08-19 16:55:38, 29016
1179135, 2022-08-19 17:00:41, 29103
1179136, 2022-08-19 17:05:39, 29068
1179137, 2022-08-19 17:10:38, 28699
1179138, 2022-08-19 17:15:40, 28620
1179139, 2022-08-19 17:20:39, 28616
1179140, 2022-08-19 17:25:38, 28678
1179141, 2022-08-19 17:30:44, 28728
1179142, 2022-08-19 17:35:39, 28779
1179143, 2022-08-19 17:40:39, 28830
1179144, 2022-08-19 17:45:39, 28909
1179145, 2022-08-19 17:50:38, 28964
1179146, 2022-08-19 17:55:38, 29072
1179147, 2022-08-19 18:00:41, 29155
1179148, 2022-08-19 18:05:39, 29097
1179149, 2022-08-19 18:10:39, 28772
1179150, 2022-08-19 18:15:41, 28663
1179151, 2022-08-19 18:20:39, 28617
1179152, 2022-08-19 18:25:39, 28692
1179153, 2022-08-19 18:30:41, 28682
1179154, 2022-08-19 18:35:39, 28735
1179155, 2022-08-19 18:40:39, 28685
1179156, 2022-08-19 18:45:45, 28713
1179157, 2022-08-19 18:50:38, 28766
1179158, 2022-08-19 18:55:39, 28806
1179159, 2022-08-19 19:00:42, 28713
1179160, 2022-08-19 19:05:39, 28683
1179161, 2022-08-19 19:10:41, 28683
1179162, 2022-08-19 19:15:44, 28776
1179163, 2022-08-19 19:20:39, 28731
1179164, 2022-08-19 19:25:39, 28731
1179165, 2022-08-19 19:30:38, 28671
1179166, 2022-08-19 19:35:42, 28612
1179167, 2022-08-19 19:40:39, 28666
1179168, 2022-08-19 19:45:39, 28640
1179169, 2022-08-19 19:50:38, 28697
1179170, 2022-08-19 19:55:39, 28746
1179171, 2022-08-19 20:00:44, 28699
1179172, 2022-08-19 20:05:39, 28607
1179173, 2022-08-19 20:10:40, 28607
1179174, 2022-08-19 20:15:41, 28192
1179175, 2022-08-19 20:20:40, 28040
1179176, 2022-08-19 20:25:38, 27930
1179177, 2022-08-19 20:30:41, 28040
1179178, 2022-08-19 20:35:39, 27930
1179179, 2022-08-19 20:40:39, 27550
1179180, 2022-08-19 20:45:39, 27404
1179181, 2022-08-19 20:50:38, 27222
1179182, 2022-08-19 20:55:39, 26950
1179183, 2022-08-19 21:00:42, 26841
1179184, 2022-08-19 21:05:39, 26841
1179185, 2022-08-19 21:10:41, 26721
1179186, 2022-08-19 21:15:40, 26721
1179187, 2022-08-19 21:20:38, 26826
1179188, 2022-08-19 21:25:38, 26587
1179189, 2022-08-19 21:30:40, 26286
1179190, 2022-08-19 21:35:38, 26024
1179191, 2022-08-19 21:40:39, 26826
1179192, 2022-08-19 21:45:42, 26587
1179193, 2022-08-19 21:50:40, 26286
1179194, 2022-08-19 21:55:38, 25524
1179195, 2022-08-19 22:00:40, 26024
1179196, 2022-08-19 22:05:40, 26024
1179197, 2022-08-19 22:10:46, 26024
1179198, 2022-08-19 22:15:39, 25769
1179199, 2022-08-19 22:20:39, 25662
1179200, 2022-08-19 22:25:38, 25662
1179201, 2022-08-19 22:30:42, 25524
1179202, 2022-08-19 22:35:39, 23436
1179203, 2022-08-19 22:40:39, 24890
1179204, 2022-08-19 22:45:43, 24890
1179205, 2022-08-19 22:50:39, 24890
1179206, 2022-08-19 22:55:38, 22976
1179207, 2022-08-19 23:00:40, 24065
1179208, 2022-08-19 23:05:39, 24065
1179209, 2022-08-19 23:10:39, 24102
1179210, 2022-08-19 23:15:39, 23869
1179211, 2022-08-19 23:20:40, 24351
1179212, 2022-08-19 23:25:38, 24182
1179213, 2022-08-19 23:30:38, 24024
1179214, 2022-08-19 23:35:38, 23937
1179215, 2022-08-19 23:40:39, 23172
1179216, 2022-08-19 23:45:42, 22976
1179217, 2022-08-19 23:50:39, 22828
1179218, 2022-08-19 23:55:39, 22949
1179219, 2022-08-20 00:00:43, 23579
1179220, 2022-08-20 00:05:38, 23639
1179221, 2022-08-20 00:10:41, 24539
1179222, 2022-08-20 00:15:39, 24351
1179223, 2022-08-20 00:20:38, 23934
1179224, 2022-08-20 00:25:38, 24024
1179225, 2022-08-20 00:30:39, 24024
1179226, 2022-08-20 00:35:39, 23937
1179227, 2022-08-20 00:40:38, 23852
1179228, 2022-08-20 00:45:39, 23769
1179229, 2022-08-20 00:50:38, 23769
1179230, 2022-08-20 00:55:37, 23730
1179231, 2022-08-20 01:00:41, 23579
1179232, 2022-08-20 01:05:39, 23639
1179233, 2022-08-20 01:10:39, 23864
1179234, 2022-08-20 01:15:43, 23937
1179235, 2022-08-20 01:20:40, 23749
1179236, 2022-08-20 01:25:39, 23905
1179237, 2022-08-20 01:30:43, 23632
1179238, 2022-08-20 01:35:40, 23569
1179239, 2022-08-20 01:40:39, 23668
1179240, 2022-08-20 01:45:38, 23547
1179241, 2022-08-20 01:50:39, 23468
1179242, 2022-08-20 01:55:38, 23746
1179243, 2022-08-20 02:00:41, 23170
1179244, 2022-08-20 02:05:38, 23141
1179245, 2022-08-20 02:10:42, 23259
1179246, 2022-08-20 02:15:39, 23749
1179247, 2022-08-20 02:20:38, 23321
1179248, 2022-08-20 02:25:38, 23247
1179249, 2022-08-20 02:30:41, 23134
1179250, 2022-08-20 02:35:39, 23569
1179251, 2022-08-20 02:40:39, 23527
1179252, 2022-08-20 02:45:38, 23275
1179253, 2022-08-20 02:50:40, 23299
1179254, 2022-08-20 02:55:38, 23170
1179255, 2022-08-20 03:00:42, 23141
1179256, 2022-08-20 03:05:39, 23229
1179257, 2022-08-20 03:10:38, 23259
1179258, 2022-08-20 03:15:39, 23543
1179259, 2022-08-20 03:20:38, 23321
1179260, 2022-08-20 03:25:38, 23247
1179261, 2022-08-20 03:30:43, 23150
1179262, 2022-08-20 03:35:39, 23547
1179263, 2022-08-20 03:40:39, 23198
1179264, 2022-08-20 03:45:42, 23198
1179265, 2022-08-20 03:50:38, 23172
1179266, 2022-08-20 03:55:38, 23169
1179267, 2022-08-20 04:00:44, 23229
1179268, 2022-08-20 04:05:39, 23325
1179269, 2022-08-20 04:10:38, 24013
1179270, 2022-08-20 04:15:40, 24030
1179271, 2022-08-20 04:20:39, 23605
1179272, 2022-08-20 04:25:38, 23605
1179273, 2022-08-20 04:30:39, 23547
1179274, 2022-08-20 04:35:38, 24031
1179275, 2022-08-20 04:40:38, 24128
1179276, 2022-08-20 04:45:41, 23772
1179277, 2022-08-20 04:50:39, 24001
1179278, 2022-08-20 04:55:38, 23825
1179279, 2022-08-20 05:00:41, 24004
1179280, 2022-08-20 05:05:39, 24031
1179281, 2022-08-20 05:10:40, 24128
1179282, 2022-08-20 05:15:37, 23176
1179283, 2022-08-20 05:20:38, 23906
1179284, 2022-08-20 05:25:38, 23276
1179285, 2022-08-20 05:30:40, 23775
1179286, 2022-08-20 05:35:39, 23406
1179287, 2022-08-20 05:40:38, 23446
1179288, 2022-08-20 05:45:39, 23503
1179289, 2022-08-20 05:50:39, 23585
1179290, 2022-08-20 05:55:38, 23667
1179291, 2022-08-20 06:00:44, 23721
1179292, 2022-08-20 06:05:38, 23795
1179293, 2022-08-20 06:10:38, 23902
1179294, 2022-08-20 06:15:39, 23979
1179295, 2022-08-20 06:20:40, 24106
1179296, 2022-08-20 06:25:42, 24166
1179297, 2022-08-20 06:30:40, 24213
1179298, 2022-08-20 06:35:38, 24299
1179299, 2022-08-20 06:40:41, 24380
1179300, 2022-08-20 06:45:39, 24533
1179301, 2022-08-20 06:50:44, 24647
1179302, 2022-08-20 06:55:39, 24721
1179303, 2022-08-20 07:00:50, 24752
1179304, 2022-08-20 07:05:39, 24788
1179305, 2022-08-20 07:10:38, 24982
1179306, 2022-08-20 07:15:41, 25126
1179307, 2022-08-20 07:20:39, 25237
1179308, 2022-08-20 07:25:39, 25331
1179309, 2022-08-20 07:30:40, 25377
1179310, 2022-08-20 07:35:38, 25335
1179311, 2022-08-20 07:40:40, 25298
1179312, 2022-08-20 07:45:38, 25410
1179313, 2022-08-20 07:50:40, 25502
1179314, 2022-08-20 07:55:38, 25535
1179315, 2022-08-20 08:00:43, 25492
1179316, 2022-08-20 08:05:40, 25330
1179317, 2022-08-20 08:10:41, 25121
1179318, 2022-08-20 08:15:39, 25070
1179319, 2022-08-20 08:20:38, 25095
1179320, 2022-08-20 08:25:38, 25079
1179321, 2022-08-20 08:30:42, 25046
1179322, 2022-08-20 08:35:38, 24940
1179323, 2022-08-20 08:40:39, 24929
1179324, 2022-08-20 08:45:41, 24907
1179325, 2022-08-20 08:50:39, 24804
1179326, 2022-08-20 08:55:39, 24702
1179327, 2022-08-20 09:00:39, 24736
1179328, 2022-08-20 09:05:38, 24645
1179329, 2022-08-20 09:10:38, 24713
1179330, 2022-08-20 09:15:41, 24729
1179331, 2022-08-20 09:20:39, 24782
1179332, 2022-08-20 09:25:39, 24623
1179333, 2022-08-20 09:30:39, 24428
1179334, 2022-08-20 09:35:39, 24434
1179335, 2022-08-20 09:40:39, 24389
1179336, 2022-08-20 09:45:42, 24421
1179337, 2022-08-20 09:50:40, 24416
1179338, 2022-08-20 09:55:39, 24411
1179339, 2022-08-20 10:00:43, 24253
1179340, 2022-08-20 10:05:38, 24167
1179341, 2022-08-20 10:10:48, 24627
1179342, 2022-08-20 10:15:39, 24894
1179343, 2022-08-20 10:20:39, 24714
1179344, 2022-08-20 10:25:42, 24724
1179345, 2022-08-20 10:30:39, 24674
1179346, 2022-08-20 10:35:40, 24665
1179347, 2022-08-20 10:40:40, 24605
1179348, 2022-08-20 10:45:38, 24691
1179349, 2022-08-20 10:50:42, 24729
1179350, 2022-08-20 10:55:39, 24698
1179351, 2022-08-20 11:00:40, 24798
1179352, 2022-08-20 11:05:40, 24660
1179353, 2022-08-20 11:10:41, 24692
1179354, 2022-08-20 11:15:40, 24796
1179355, 2022-08-20 11:20:40, 24813
1179356, 2022-08-20 11:25:38, 24828
1179357, 2022-08-20 11:30:41, 24810
1179358, 2022-08-20 11:35:38, 24720
1179359, 2022-08-20 11:41:15, 24688
1179360, 2022-08-20 11:45:39, 24747
1179361, 2022-08-20 11:50:39, 24684
1179362, 2022-08-20 11:55:38, 24385
1179363, 2022-08-20 12:00:42, 24226
1179364, 2022-08-20 12:05:38, 24155
1179365, 2022-08-20 12:10:45, 24022
1179366, 2022-08-20 12:15:45, 23933
1179367, 2022-08-20 12:20:38, 23608
1179368, 2022-08-20 12:25:38, 23198
1179369, 2022-08-20 12:30:40, 23257
1179370, 2022-08-20 12:35:38, 23253
1179371, 2022-08-20 12:41:35, 23253
1179372, 2022-08-20 12:45:44, 23304
1179373, 2022-08-20 12:50:39, 23106
1179374, 2022-08-20 12:55:39, 23069
1179375, 2022-08-20 13:00:40, 23123
1179376, 2022-08-20 13:05:39, 23194
1179377, 2022-08-20 13:10:46, 23341
1179378, 2022-08-20 13:15:38, 23603
1179379, 2022-08-20 13:20:39, 23697
1179380, 2022-08-20 13:25:39, 23707
1179381, 2022-08-20 13:30:40, 23642
1179382, 2022-08-20 13:35:40, 23656
1179383, 2022-08-20 13:40:44, 23518
1179384, 2022-08-20 13:45:39, 23328
1179385, 2022-08-20 13:50:39, 23366
1179386, 2022-08-20 13:55:39, 23450
1179387, 2022-08-20 14:00:39, 23520
1179388, 2022-08-20 14:05:38, 23647
1179389, 2022-08-20 14:10:47, 23464
1179390, 2022-08-20 14:15:38, 23517
1179391, 2022-08-20 14:20:41, 23704
1179392, 2022-08-20 14:25:42, 23656
1179393, 2022-08-20 14:30:39, 23698
1179394, 2022-08-20 14:35:38, 23776
1179395, 2022-08-20 14:40:54, 23915
1179396, 2022-08-20 14:45:39, 24194
1179397, 2022-08-20 14:50:37, 24357
1179398, 2022-08-20 14:55:39, 24433
1179399, 2022-08-20 15:00:39, 24423
1179400, 2022-08-20 15:05:39, 24347
1179401, 2022-08-20 15:11:24, 24347
1179402, 2022-08-20 15:15:40, 24236
1179403, 2022-08-20 15:20:40, 24259
1179404, 2022-08-20 15:25:39, 24422
1179405, 2022-08-20 15:30:40, 24542
1179406, 2022-08-20 15:35:39, 24626
1179407, 2022-08-20 15:41:33, 24921
1179408, 2022-08-20 15:45:40, 25169
1179409, 2022-08-20 15:50:39, 25356
1179410, 2022-08-20 15:55:42, 25670
1179411, 2022-08-20 16:00:38, 26024
1179412, 2022-08-20 16:05:39, 26281
1179413, 2022-08-20 16:11:04, 26384
1179414, 2022-08-20 16:15:40, 26436
1179415, 2022-08-20 16:20:41, 26408
1179416, 2022-08-20 16:25:39, 26394
1179417, 2022-08-20 16:30:45, 26577
1179418, 2022-08-20 16:35:39, 26725
1179419, 2022-08-20 16:41:23, 27091
1179420, 2022-08-20 16:45:39, 27436
1179421, 2022-08-20 16:50:39, 27290
1179422, 2022-08-20 16:55:38, 27376
1179423, 2022-08-20 17:00:41, 27488
1179424, 2022-08-20 17:05:39, 27504
1179425, 2022-08-20 17:10:41, 27165
1179426, 2022-08-20 17:15:39, 27129
1179427, 2022-08-20 17:20:40, 27295
1179428, 2022-08-20 17:25:38, 27399
1179429, 2022-08-20 17:30:40, 27561
1179430, 2022-08-20 17:35:43, 27616
1179431, 2022-08-20 17:40:44, 27615
1179432, 2022-08-20 17:45:38, 27560
1179433, 2022-08-20 17:50:42, 27563
1179434, 2022-08-20 17:55:37, 27708
1179435, 2022-08-20 18:00:39, 27872
1179436, 2022-08-20 18:05:39, 27930
1179437, 2022-08-20 18:10:54, 27925
1179438, 2022-08-20 18:15:40, 28210
1179439, 2022-08-20 18:20:39, 28415
1179440, 2022-08-20 18:25:39, 28464
1179441, 2022-08-20 18:30:39, 28440
1179442, 2022-08-20 18:35:39, 28482
1179443, 2022-08-20 18:40:45, 28482
1179444, 2022-08-20 18:45:39, 28546
1179445, 2022-08-20 18:50:38, 28578
1179446, 2022-08-20 18:55:38, 28541
1179447, 2022-08-20 19:00:38, 28598
1179448, 2022-08-20 19:05:38, 28679
1179449, 2022-08-20 19:10:40, 28914
1179450, 2022-08-20 19:15:39, 28939
1179451, 2022-08-20 19:20:38, 28789
1179452, 2022-08-20 19:25:40, 28780
1179453, 2022-08-20 19:30:38, 28788
1179454, 2022-08-20 19:35:39, 28912
1179455, 2022-08-20 19:40:40, 29012
1179456, 2022-08-20 19:45:38, 29052
1179457, 2022-08-20 19:50:39, 29141
1179458, 2022-08-20 19:55:38, 29112
1179459, 2022-08-20 20:00:44, 29085
1179460, 2022-08-20 20:05:38, 28955
1179461, 2022-08-20 20:10:42, 28512
1179462, 2022-08-20 20:15:40, 28313
1179463, 2022-08-20 20:20:38, 28108
1179464, 2022-08-20 20:25:39, 27965
1179465, 2022-08-20 20:30:39, 27891
1179466, 2022-08-20 20:35:39, 27883
1179467, 2022-08-20 20:40:38, 27862
1179468, 2022-08-20 20:45:39, 27862
1179469, 2022-08-20 20:50:40, 27675
1179470, 2022-08-20 20:55:39, 27481
1179471, 2022-08-20 21:00:41, 27341
1179472, 2022-08-20 21:05:40, 27477
1179473, 2022-08-20 21:10:49, 27477
1179474, 2022-08-20 21:15:40, 27966
1179475, 2022-08-20 21:20:39, 27873
1179476, 2022-08-20 21:25:38, 27704
1179477, 2022-08-20 21:30:40, 27621
1179478, 2022-08-20 21:35:40, 27704
1179479, 2022-08-20 21:40:52, 27597
1179480, 2022-08-20 21:45:40, 27629
1179481, 2022-08-20 21:50:39, 27597
1179482, 2022-08-20 21:55:38, 27210
1179483, 2022-08-20 22:00:40, 27223
1179484, 2022-08-20 22:05:39, 27210
1179485, 2022-08-20 22:10:57, 26986
1179486, 2022-08-20 22:15:38, 26746
1179487, 2022-08-20 22:20:39, 26482
1179488, 2022-08-20 22:25:38, 26986
1179489, 2022-08-20 22:30:40, 26746
1179490, 2022-08-20 22:35:38, 25923
1179491, 2022-08-20 22:41:44, 25923
1179492, 2022-08-20 22:45:39, 25662
1179493, 2022-08-20 22:50:39, 25923
1179494, 2022-08-20 22:55:38, 25923
1179495, 2022-08-20 23:00:41, 25662
1179496, 2022-08-20 23:05:42, 25416
1179497, 2022-08-20 23:10:42, 25087
1179498, 2022-08-20 23:15:41, 25143
1179499, 2022-08-20 23:20:41, 25033
1179500, 2022-08-20 23:25:38, 25155
1179501, 2022-08-20 23:30:41, 25079
1179502, 2022-08-20 23:35:38, 25087
1179503, 2022-08-20 23:41:15, 25143
1179504, 2022-08-20 23:45:38, 25057
1179505, 2022-08-20 23:50:40, 25155
1179506, 2022-08-20 23:55:41, 24892
1179507, 2022-08-21 00:00:40, 24877
1179508, 2022-08-21 00:05:39, 24826
1179509, 2022-08-21 00:11:24, 25057
1179510, 2022-08-21 00:15:42, 24951
1179511, 2022-08-21 00:20:40, 24892
1179512, 2022-08-21 00:25:40, 24877
1179513, 2022-08-21 00:30:41, 24826
1179514, 2022-08-21 00:35:40, 24826
1179515, 2022-08-21 00:41:13, 24790
1179516, 2022-08-21 00:45:38, 24306
1179517, 2022-08-21 00:50:39, 24486
1179518, 2022-08-21 00:55:38, 24363
1179519, 2022-08-21 01:00:39, 24349
1179520, 2022-08-21 01:05:39, 24262
1179521, 2022-08-21 01:10:39, 24306
1179522, 2022-08-21 01:15:44, 24330
1179523, 2022-08-21 01:20:40, 24363
1179524, 2022-08-21 01:25:38, 23519
1179525, 2022-08-21 01:30:39, 23458
1179526, 2022-08-21 01:35:39, 24177
1179527, 2022-08-21 01:40:39, 23374
1179528, 2022-08-21 01:45:38, 23380
1179529, 2022-08-21 01:50:39, 23385
1179530, 2022-08-21 01:55:42, 23458
1179531, 2022-08-21 02:00:42, 23394
1179532, 2022-08-21 02:05:38, 23203
1179533, 2022-08-21 02:10:39, 23385
1179534, 2022-08-21 02:15:38, 23170
1179535, 2022-08-21 02:20:39, 23242
1179536, 2022-08-21 02:25:39, 23259
1179537, 2022-08-21 02:30:39, 23214
1179538, 2022-08-21 02:35:38, 23214
1179539, 2022-08-21 02:40:39, 23170
1179540, 2022-08-21 02:45:39, 23189
1179541, 2022-08-21 02:50:38, 23172
1179542, 2022-08-21 02:55:39, 23259
1179543, 2022-08-21 03:00:42, 23314
1179544, 2022-08-21 03:05:38, 23047
1179545, 2022-08-21 03:10:39, 22605
1179546, 2022-08-21 03:15:39, 22411
1179547, 2022-08-21 03:20:39, 23140
1179548, 2022-08-21 03:25:38, 22493
1179549, 2022-08-21 03:30:38, 22527
1179550, 2022-08-21 03:35:39, 22462
1179551, 2022-08-21 03:40:39, 22459
1179552, 2022-08-21 03:45:43, 22455
1179553, 2022-08-21 03:50:39, 22571
1179554, 2022-08-21 03:55:38, 22618
1179555, 2022-08-21 04:00:40, 22647
1179556, 2022-08-21 04:05:38, 22717
1179557, 2022-08-21 04:10:38, 22806
1179558, 2022-08-21 04:15:39, 22778
1179559, 2022-08-21 04:20:38, 22794
1179560, 2022-08-21 04:25:38, 22637
1179561, 2022-08-21 04:30:40, 22440
1179562, 2022-08-21 04:35:39, 22390
1179563, 2022-08-21 04:40:39, 22332
1179564, 2022-08-21 04:45:39, 22315
1179565, 2022-08-21 04:50:38, 22349
1179566, 2022-08-21 04:55:38, 22295
1179567, 2022-08-21 05:00:44, 22310
1179568, 2022-08-21 05:05:39, 22283
1179569, 2022-08-21 05:10:39, 22228
1179570, 2022-08-21 05:15:40, 22162
1179571, 2022-08-21 05:20:39, 22098
1179572, 2022-08-21 05:25:39, 22052
1179573, 2022-08-21 05:30:40, 22139
1179574, 2022-08-21 05:35:38, 22113
1179575, 2022-08-21 05:40:39, 22124
1179576, 2022-08-21 05:45:39, 22145
1179577, 2022-08-21 05:50:39, 22218
1179578, 2022-08-21 05:55:38, 22202
1179579, 2022-08-21 06:00:42, 22020
1179580, 2022-08-21 06:05:39, 21529
1179581, 2022-08-21 06:10:38, 21054
1179582, 2022-08-21 06:15:39, 21091
1179583, 2022-08-21 06:20:38, 21103
1179584, 2022-08-21 06:25:41, 21292
1179585, 2022-08-21 06:30:39, 21390
1179586, 2022-08-21 06:35:38, 21420
1179587, 2022-08-21 06:40:39, 21395
1179588, 2022-08-21 06:45:39, 21403
1179589, 2022-08-21 06:50:39, 21363
1179590, 2022-08-21 06:55:38, 21438
1179591, 2022-08-21 07:00:43, 21471
1179592, 2022-08-21 07:05:38, 21392
1179593, 2022-08-21 07:10:39, 21038
1179594, 2022-08-21 07:15:39, 20916
1179595, 2022-08-21 07:20:38, 21057
1179596, 2022-08-21 07:25:39, 21172
1179597, 2022-08-21 07:30:38, 21253
1179598, 2022-08-21 07:35:38, 21282
1179599, 2022-08-21 07:40:41, 21274
1179600, 2022-08-21 07:45:39, 21340
1179601, 2022-08-21 07:50:38, 21285
1179602, 2022-08-21 07:55:38, 21265
1179603, 2022-08-21 08:00:40, 21289
1179604, 2022-08-21 08:05:39, 21050
1179605, 2022-08-21 08:10:40, 21162
1179606, 2022-08-21 08:15:40, 21387
1179607, 2022-08-21 08:20:39, 21486
1179608, 2022-08-21 08:25:40, 21614
1179609, 2022-08-21 08:30:40, 21737
1179610, 2022-08-21 08:35:38, 21727
1179611, 2022-08-21 08:40:38, 21776
1179612, 2022-08-21 08:45:39, 21808
1179613, 2022-08-21 08:50:38, 21766
1179614, 2022-08-21 08:55:38, 21708
1179615, 2022-08-21 09:00:39, 21709
1179616, 2022-08-21 09:05:39, 21833
1179617, 2022-08-21 09:10:40, 22040
1179618, 2022-08-21 09:15:39, 22027
1179619, 2022-08-21 09:20:39, 22041
1179620, 2022-08-21 09:25:38, 22037
1179621, 2022-08-21 09:30:39, 22024
1179622, 2022-08-21 09:35:38, 22016
1179623, 2022-08-21 09:40:39, 22012
1179624, 2022-08-21 09:45:42, 22014
1179625, 2022-08-21 09:50:39, 21957
1179626, 2022-08-21 09:55:38, 22036
1179627, 2022-08-21 10:00:42, 22108
1179628, 2022-08-21 10:05:39, 22057
1179629, 2022-08-21 10:10:40, 22053
1179630, 2022-08-21 10:15:39, 22118
1179631, 2022-08-21 10:20:42, 21977
1179632, 2022-08-21 10:25:39, 21990
1179633, 2022-08-21 10:30:39, 21968
1179634, 2022-08-21 10:35:39, 22055
1179635, 2022-08-21 10:40:39, 22049
1179636, 2022-08-21 10:45:40, 22063
1179637, 2022-08-21 10:50:40, 22052
1179638, 2022-08-21 10:55:38, 22046
1179639, 2022-08-21 11:00:42, 22037
1179640, 2022-08-21 11:05:39, 22082
1179641, 2022-08-21 11:10:38, 22362
1179642, 2022-08-21 11:15:39, 22471
1179643, 2022-08-21 11:20:39, 22526
1179644, 2022-08-21 11:25:38, 22608
1179645, 2022-08-21 11:30:40, 22688
1179646, 2022-08-21 11:35:38, 22674
1179647, 2022-08-21 11:40:40, 22771
1179648, 2022-08-21 11:45:39, 22814
1179649, 2022-08-21 11:50:40, 22890
1179650, 2022-08-21 11:55:39, 22887
1179651, 2022-08-21 12:00:59, 22838
1179652, 2022-08-21 12:05:39, 22841
1179653, 2022-08-21 12:10:40, 22486
1179654, 2022-08-21 12:15:41, 22407
1179655, 2022-08-21 12:20:39, 22346
1179656, 2022-08-21 12:25:38, 22322
1179657, 2022-08-21 12:30:40, 22328
1179658, 2022-08-21 12:35:38, 22289
1179659, 2022-08-21 12:40:38, 22392
1179660, 2022-08-21 12:45:41, 22454
1179661, 2022-08-21 12:50:38, 22530
1179662, 2022-08-21 12:55:43, 22476
1179663, 2022-08-21 13:00:39, 22518
1179664, 2022-08-21 13:05:39, 22631
1179665, 2022-08-21 13:10:39, 22759
1179666, 2022-08-21 13:15:40, 22778
1179667, 2022-08-21 13:20:39, 22641
1179668, 2022-08-21 13:25:39, 22393
1179669, 2022-08-21 13:30:40, 22369
1179670, 2022-08-21 13:35:39, 22360
1179671, 2022-08-21 13:40:41, 22441
1179672, 2022-08-21 13:45:39, 22493
1179673, 2022-08-21 13:50:39, 22646
1179674, 2022-08-21 13:55:39, 22716
1179675, 2022-08-21 14:00:39, 22806
1179676, 2022-08-21 14:05:39, 22721
1179677, 2022-08-21 14:10:41, 22641
1179678, 2022-08-21 14:15:39, 22606
1179679, 2022-08-21 14:20:39, 22657
1179680, 2022-08-21 14:25:38, 22712
1179681, 2022-08-21 14:30:38, 22825
1179682, 2022-08-21 14:35:39, 22964
1179683, 2022-08-21 14:40:43, 22963
1179684, 2022-08-21 14:45:39, 22969
1179685, 2022-08-21 14:50:39, 23066
1179686, 2022-08-21 14:55:38, 23149
1179687, 2022-08-21 15:00:39, 23221
1179688, 2022-08-21 15:05:44, 23229
1179689, 2022-08-21 15:10:44, 23013
1179690, 2022-08-21 15:15:41, 23041
1179691, 2022-08-21 15:20:40, 23413
1179692, 2022-08-21 15:25:40, 23539
1179693, 2022-08-21 15:30:40, 23653
1179694, 2022-08-21 15:35:39, 23677
1179695, 2022-08-21 15:40:39, 23735
1179696, 2022-08-21 15:45:40, 23883
1179697, 2022-08-21 15:50:47, 24081
1179698, 2022-08-21 15:55:38, 24140
1179699, 2022-08-21 16:00:41, 24161
1179700, 2022-08-21 16:05:41, 24278
1179701, 2022-08-21 16:10:40, 24394
1179702, 2022-08-21 16:15:43, 24564
1179703, 2022-08-21 16:20:46, 24643
1179704, 2022-08-21 16:25:38, 24729
1179705, 2022-08-21 16:30:40, 24802
1179706, 2022-08-21 16:35:38, 24895
1179707, 2022-08-21 16:40:49, 24958
1179708, 2022-08-21 16:45:39, 25036
1179709, 2022-08-21 16:50:37, 25227
1179710, 2022-08-21 16:55:40, 25344
1179711, 2022-08-21 17:00:42, 25437
1179712, 2022-08-21 17:05:39, 25458
1179713, 2022-08-21 17:10:39, 25465
1179714, 2022-08-21 17:15:39, 25559
1179715, 2022-08-21 17:20:39, 25857
1179716, 2022-08-21 17:25:38, 26029
1179717, 2022-08-21 17:30:39, 26167
1179718, 2022-08-21 17:35:39, 26110
1179719, 2022-08-21 17:41:09, 26191
1179720, 2022-08-21 17:45:41, 26333
1179721, 2022-08-21 17:50:39, 26401
1179722, 2022-08-21 17:55:42, 26397
1179723, 2022-08-21 18:00:39, 26368
1179724, 2022-08-21 18:05:39, 26302
1179725, 2022-08-21 18:11:16, 26341
1179726, 2022-08-21 18:15:39, 26297
1179727, 2022-08-21 18:20:39, 26281
1179728, 2022-08-21 18:25:38, 26211
1179729, 2022-08-21 18:30:39, 26142
1179730, 2022-08-21 18:35:41, 26073
1179731, 2022-08-21 18:40:39, 25951
1179732, 2022-08-21 18:45:40, 25939
1179733, 2022-08-21 18:50:39, 25970
1179734, 2022-08-21 18:55:39, 25985
1179735, 2022-08-21 19:00:40, 25959
1179736, 2022-08-21 19:05:38, 25868
1179737, 2022-08-21 19:11:33, 25868
1179738, 2022-08-21 19:15:39, 25959
1179739, 2022-08-21 19:20:40, 25956
1179740, 2022-08-21 19:25:38, 25961
1179741, 2022-08-21 19:30:40, 25874
1179742, 2022-08-21 19:35:38, 25838
1179743, 2022-08-21 19:40:51, 26047
1179744, 2022-08-21 19:46:21, 26106
1179745, 2022-08-21 19:50:39, 26124
1179746, 2022-08-21 19:55:38, 26107
1179747, 2022-08-21 20:00:39, 26104
1179748, 2022-08-21 20:05:38, 26352
1179749, 2022-08-21 20:11:05, 26444
1179750, 2022-08-21 20:15:51, 26259
1179751, 2022-08-21 20:20:39, 26220
1179752, 2022-08-21 20:25:38, 26115
1179753, 2022-08-21 20:30:39, 26098
1179754, 2022-08-21 20:35:38, 26005
1179755, 2022-08-21 20:40:45, 25800
1179756, 2022-08-21 20:45:38, 25618
1179757, 2022-08-21 20:50:39, 25389
1179758, 2022-08-21 20:55:40, 25231
1179759, 2022-08-21 21:00:41, 25028
1179760, 2022-08-21 21:05:39, 24803
1179761, 2022-08-21 21:10:40, 24639
1179762, 2022-08-21 21:15:40, 24683
1179763, 2022-08-21 21:20:39, 24488
1179764, 2022-08-21 21:25:38, 24488
1179765, 2022-08-21 21:30:41, 24188
1179766, 2022-08-21 21:35:41, 24188
1179767, 2022-08-21 21:40:38, 23944
1179768, 2022-08-21 21:45:40, 23535
1179769, 2022-08-21 21:50:41, 23286
1179770, 2022-08-21 21:55:38, 23160
1179771, 2022-08-21 22:00:39, 22962
1179772, 2022-08-21 22:05:38, 22685
1179773, 2022-08-21 22:10:38, 22694
1179774, 2022-08-21 22:15:38, 22827
1179775, 2022-08-21 22:20:40, 22827
1179776, 2022-08-21 22:25:38, 22624
1179777, 2022-08-21 22:30:39, 22294
1179778, 2022-08-21 22:35:38, 22236
1179779, 2022-08-21 22:40:42, 22236
1179780, 2022-08-21 22:45:40, 22149
1179781, 2022-08-21 22:50:38, 21945
1179782, 2022-08-21 22:55:42, 21829
1179783, 2022-08-21 23:00:39, 21829
1179784, 2022-08-21 23:05:38, 21841
1179785, 2022-08-21 23:10:39, 21841
1179786, 2022-08-21 23:15:39, 21959
1179787, 2022-08-21 23:20:39, 21959
1179788, 2022-08-21 23:25:39, 21872
1179789, 2022-08-21 23:30:40, 21872
1179790, 2022-08-21 23:35:39, 21586
1179791, 2022-08-21 23:40:40, 21715
1179792, 2022-08-21 23:45:43, 21586
1179793, 2022-08-21 23:50:40, 21614
1179794, 2022-08-21 23:55:38, 21570